-- phpMyAdmin SQL Dump
-- version 4.0.10deb1
-- http://www.phpmyadmin.net
--
-- Host: localhost
-- Generation Time: Dec 07, 2017 at 11:47 AM
-- Server version: 5.5.57-0ubuntu0.14.04.1
-- PHP Version: 7.1.9-1+ubuntu14.04.1+deb.sury.org+1

SET SQL_MODE = "NO_AUTO_VALUE_ON_ZERO";
SET time_zone = "+00:00";


/*!40101 SET @OLD_CHARACTER_SET_CLIENT=@@CHARACTER_SET_CLIENT */;
/*!40101 SET @OLD_CHARACTER_SET_RESULTS=@@CHARACTER_SET_RESULTS */;
/*!40101 SET @OLD_COLLATION_CONNECTION=@@COLLATION_CONNECTION */;
/*!40101 SET NAMES utf8 */;

--
-- Database: `LaavArchitects`
--

-- --------------------------------------------------------

--
-- Table structure for table `wp_laavcommentmeta`
--

CREATE TABLE IF NOT EXISTS `wp_laavcommentmeta` (
  `meta_id` bigint(20) unsigned NOT NULL AUTO_INCREMENT,
  `comment_id` bigint(20) unsigned NOT NULL DEFAULT '0',
  `meta_key` varchar(255) COLLATE utf8mb4_unicode_ci DEFAULT NULL,
  `meta_value` longtext COLLATE utf8mb4_unicode_ci,
  PRIMARY KEY (`meta_id`),
  KEY `comment_id` (`comment_id`),
  KEY `meta_key` (`meta_key`(191))
) ENGINE=InnoDB DEFAULT CHARSET=utf8mb4 COLLATE=utf8mb4_unicode_ci AUTO_INCREMENT=1 ;

-- --------------------------------------------------------

--
-- Table structure for table `wp_laavcomments`
--

CREATE TABLE IF NOT EXISTS `wp_laavcomments` (
  `comment_ID` bigint(20) unsigned NOT NULL AUTO_INCREMENT,
  `comment_post_ID` bigint(20) unsigned NOT NULL DEFAULT '0',
  `comment_author` tinytext COLLATE utf8mb4_unicode_ci NOT NULL,
  `comment_author_email` varchar(100) COLLATE utf8mb4_unicode_ci NOT NULL DEFAULT '',
  `comment_author_url` varchar(200) COLLATE utf8mb4_unicode_ci NOT NULL DEFAULT '',
  `comment_author_IP` varchar(100) COLLATE utf8mb4_unicode_ci NOT NULL DEFAULT '',
  `comment_date` datetime NOT NULL DEFAULT '0000-00-00 00:00:00',
  `comment_date_gmt` datetime NOT NULL DEFAULT '0000-00-00 00:00:00',
  `comment_content` text COLLATE utf8mb4_unicode_ci NOT NULL,
  `comment_karma` int(11) NOT NULL DEFAULT '0',
  `comment_approved` varchar(20) COLLATE utf8mb4_unicode_ci NOT NULL DEFAULT '1',
  `comment_agent` varchar(255) COLLATE utf8mb4_unicode_ci NOT NULL DEFAULT '',
  `comment_type` varchar(20) COLLATE utf8mb4_unicode_ci NOT NULL DEFAULT '',
  `comment_parent` bigint(20) unsigned NOT NULL DEFAULT '0',
  `user_id` bigint(20) unsigned NOT NULL DEFAULT '0',
  PRIMARY KEY (`comment_ID`),
  KEY `comment_post_ID` (`comment_post_ID`),
  KEY `comment_approved_date_gmt` (`comment_approved`,`comment_date_gmt`),
  KEY `comment_date_gmt` (`comment_date_gmt`),
  KEY `comment_parent` (`comment_parent`),
  KEY `comment_author_email` (`comment_author_email`(10))
) ENGINE=InnoDB  DEFAULT CHARSET=utf8mb4 COLLATE=utf8mb4_unicode_ci AUTO_INCREMENT=2 ;

--
-- Dumping data for table `wp_laavcomments`
--

INSERT INTO `wp_laavcomments` (`comment_ID`, `comment_post_ID`, `comment_author`, `comment_author_email`, `comment_author_url`, `comment_author_IP`, `comment_date`, `comment_date_gmt`, `comment_content`, `comment_karma`, `comment_approved`, `comment_agent`, `comment_type`, `comment_parent`, `user_id`) VALUES
(1, 1, 'A WordPress Commenter', 'wapuu@wordpress.example', 'https://wordpress.org/', '', '2017-11-30 08:36:47', '2017-11-30 08:36:47', 'Hi, this is a comment.\nTo get started with moderating, editing, and deleting comments, please visit the Comments screen in the dashboard.\nCommenter avatars come from <a href="https://gravatar.com">Gravatar</a>.', 0, '1', '', '', 0, 0);

-- --------------------------------------------------------

--
-- Table structure for table `wp_laavlinks`
--

CREATE TABLE IF NOT EXISTS `wp_laavlinks` (
  `link_id` bigint(20) unsigned NOT NULL AUTO_INCREMENT,
  `link_url` varchar(255) COLLATE utf8mb4_unicode_ci NOT NULL DEFAULT '',
  `link_name` varchar(255) COLLATE utf8mb4_unicode_ci NOT NULL DEFAULT '',
  `link_image` varchar(255) COLLATE utf8mb4_unicode_ci NOT NULL DEFAULT '',
  `link_target` varchar(25) COLLATE utf8mb4_unicode_ci NOT NULL DEFAULT '',
  `link_description` varchar(255) COLLATE utf8mb4_unicode_ci NOT NULL DEFAULT '',
  `link_visible` varchar(20) COLLATE utf8mb4_unicode_ci NOT NULL DEFAULT 'Y',
  `link_owner` bigint(20) unsigned NOT NULL DEFAULT '1',
  `link_rating` int(11) NOT NULL DEFAULT '0',
  `link_updated` datetime NOT NULL DEFAULT '0000-00-00 00:00:00',
  `link_rel` varchar(255) COLLATE utf8mb4_unicode_ci NOT NULL DEFAULT '',
  `link_notes` mediumtext COLLATE utf8mb4_unicode_ci NOT NULL,
  `link_rss` varchar(255) COLLATE utf8mb4_unicode_ci NOT NULL DEFAULT '',
  PRIMARY KEY (`link_id`),
  KEY `link_visible` (`link_visible`)
) ENGINE=InnoDB DEFAULT CHARSET=utf8mb4 COLLATE=utf8mb4_unicode_ci AUTO_INCREMENT=1 ;

-- --------------------------------------------------------

--
-- Table structure for table `wp_laavoptions`
--

CREATE TABLE IF NOT EXISTS `wp_laavoptions` (
  `option_id` bigint(20) unsigned NOT NULL AUTO_INCREMENT,
  `option_name` varchar(191) COLLATE utf8mb4_unicode_ci NOT NULL DEFAULT '',
  `option_value` longtext COLLATE utf8mb4_unicode_ci NOT NULL,
  `autoload` varchar(20) COLLATE utf8mb4_unicode_ci NOT NULL DEFAULT 'yes',
  PRIMARY KEY (`option_id`),
  UNIQUE KEY `option_name` (`option_name`)
) ENGINE=InnoDB  DEFAULT CHARSET=utf8mb4 COLLATE=utf8mb4_unicode_ci AUTO_INCREMENT=388 ;

--
-- Dumping data for table `wp_laavoptions`
--

INSERT INTO `wp_laavoptions` (`option_id`, `option_name`, `option_value`, `autoload`) VALUES
(1, 'siteurl', 'http://192.168.33.10', 'yes'),
(2, 'home', 'http://192.168.33.10', 'yes'),
(3, 'blogname', 'Laav Architects', 'yes'),
(4, 'blogdescription', 'Just another WordPress site', 'yes'),
(5, 'users_can_register', '0', 'yes'),
(6, 'admin_email', 'kshantilal03@gmail.com', 'yes'),
(7, 'start_of_week', '1', 'yes'),
(8, 'use_balanceTags', '0', 'yes'),
(9, 'use_smilies', '1', 'yes'),
(10, 'require_name_email', '1', 'yes'),
(11, 'comments_notify', '1', 'yes'),
(12, 'posts_per_rss', '10', 'yes'),
(13, 'rss_use_excerpt', '0', 'yes'),
(14, 'mailserver_url', 'mail.example.com', 'yes'),
(15, 'mailserver_login', 'login@example.com', 'yes'),
(16, 'mailserver_pass', 'password', 'yes'),
(17, 'mailserver_port', '110', 'yes'),
(18, 'default_category', '1', 'yes'),
(19, 'default_comment_status', 'open', 'yes'),
(20, 'default_ping_status', 'open', 'yes'),
(21, 'default_pingback_flag', '0', 'yes'),
(22, 'posts_per_page', '10', 'yes'),
(23, 'date_format', 'F j, Y', 'yes'),
(24, 'time_format', 'g:i a', 'yes'),
(25, 'links_updated_date_format', 'F j, Y g:i a', 'yes'),
(26, 'comment_moderation', '0', 'yes'),
(27, 'moderation_notify', '1', 'yes'),
(28, 'permalink_structure', '/%year%/%monthnum%/%day%/%postname%/', 'yes'),
(29, 'rewrite_rules', 'a:154:{s:11:"^wp-json/?$";s:22:"index.php?rest_route=/";s:14:"^wp-json/(.*)?";s:33:"index.php?rest_route=/$matches[1]";s:21:"^index.php/wp-json/?$";s:22:"index.php?rest_route=/";s:24:"^index.php/wp-json/(.*)?";s:33:"index.php?rest_route=/$matches[1]";s:9:"slider/?$";s:26:"index.php?post_type=slider";s:39:"slider/feed/(feed|rdf|rss|rss2|atom)/?$";s:43:"index.php?post_type=slider&feed=$matches[1]";s:34:"slider/(feed|rdf|rss|rss2|atom)/?$";s:43:"index.php?post_type=slider&feed=$matches[1]";s:26:"slider/page/([0-9]{1,})/?$";s:44:"index.php?post_type=slider&paged=$matches[1]";s:19:"projects-gallery/?$";s:28:"index.php?post_type=projects";s:49:"projects-gallery/feed/(feed|rdf|rss|rss2|atom)/?$";s:45:"index.php?post_type=projects&feed=$matches[1]";s:44:"projects-gallery/(feed|rdf|rss|rss2|atom)/?$";s:45:"index.php?post_type=projects&feed=$matches[1]";s:36:"projects-gallery/page/([0-9]{1,})/?$";s:46:"index.php?post_type=projects&paged=$matches[1]";s:11:"services/?$";s:28:"index.php?post_type=services";s:41:"services/feed/(feed|rdf|rss|rss2|atom)/?$";s:45:"index.php?post_type=services&feed=$matches[1]";s:36:"services/(feed|rdf|rss|rss2|atom)/?$";s:45:"index.php?post_type=services&feed=$matches[1]";s:28:"services/page/([0-9]{1,})/?$";s:46:"index.php?post_type=services&paged=$matches[1]";s:47:"category/(.+?)/feed/(feed|rdf|rss|rss2|atom)/?$";s:52:"index.php?category_name=$matches[1]&feed=$matches[2]";s:42:"category/(.+?)/(feed|rdf|rss|rss2|atom)/?$";s:52:"index.php?category_name=$matches[1]&feed=$matches[2]";s:23:"category/(.+?)/embed/?$";s:46:"index.php?category_name=$matches[1]&embed=true";s:35:"category/(.+?)/page/?([0-9]{1,})/?$";s:53:"index.php?category_name=$matches[1]&paged=$matches[2]";s:17:"category/(.+?)/?$";s:35:"index.php?category_name=$matches[1]";s:44:"tag/([^/]+)/feed/(feed|rdf|rss|rss2|atom)/?$";s:42:"index.php?tag=$matches[1]&feed=$matches[2]";s:39:"tag/([^/]+)/(feed|rdf|rss|rss2|atom)/?$";s:42:"index.php?tag=$matches[1]&feed=$matches[2]";s:20:"tag/([^/]+)/embed/?$";s:36:"index.php?tag=$matches[1]&embed=true";s:32:"tag/([^/]+)/page/?([0-9]{1,})/?$";s:43:"index.php?tag=$matches[1]&paged=$matches[2]";s:14:"tag/([^/]+)/?$";s:25:"index.php?tag=$matches[1]";s:45:"type/([^/]+)/feed/(feed|rdf|rss|rss2|atom)/?$";s:50:"index.php?post_format=$matches[1]&feed=$matches[2]";s:40:"type/([^/]+)/(feed|rdf|rss|rss2|atom)/?$";s:50:"index.php?post_format=$matches[1]&feed=$matches[2]";s:21:"type/([^/]+)/embed/?$";s:44:"index.php?post_format=$matches[1]&embed=true";s:33:"type/([^/]+)/page/?([0-9]{1,})/?$";s:51:"index.php?post_format=$matches[1]&paged=$matches[2]";s:15:"type/([^/]+)/?$";s:33:"index.php?post_format=$matches[1]";s:32:"slider/.+?/attachment/([^/]+)/?$";s:32:"index.php?attachment=$matches[1]";s:42:"slider/.+?/attachment/([^/]+)/trackback/?$";s:37:"index.php?attachment=$matches[1]&tb=1";s:62:"slider/.+?/attachment/([^/]+)/feed/(feed|rdf|rss|rss2|atom)/?$";s:49:"index.php?attachment=$matches[1]&feed=$matches[2]";s:57:"slider/.+?/attachment/([^/]+)/(feed|rdf|rss|rss2|atom)/?$";s:49:"index.php?attachment=$matches[1]&feed=$matches[2]";s:57:"slider/.+?/attachment/([^/]+)/comment-page-([0-9]{1,})/?$";s:50:"index.php?attachment=$matches[1]&cpage=$matches[2]";s:38:"slider/.+?/attachment/([^/]+)/embed/?$";s:43:"index.php?attachment=$matches[1]&embed=true";s:21:"slider/(.+?)/embed/?$";s:39:"index.php?slider=$matches[1]&embed=true";s:25:"slider/(.+?)/trackback/?$";s:33:"index.php?slider=$matches[1]&tb=1";s:45:"slider/(.+?)/feed/(feed|rdf|rss|rss2|atom)/?$";s:45:"index.php?slider=$matches[1]&feed=$matches[2]";s:40:"slider/(.+?)/(feed|rdf|rss|rss2|atom)/?$";s:45:"index.php?slider=$matches[1]&feed=$matches[2]";s:33:"slider/(.+?)/page/?([0-9]{1,})/?$";s:46:"index.php?slider=$matches[1]&paged=$matches[2]";s:40:"slider/(.+?)/comment-page-([0-9]{1,})/?$";s:46:"index.php?slider=$matches[1]&cpage=$matches[2]";s:29:"slider/(.+?)(?:/([0-9]+))?/?$";s:45:"index.php?slider=$matches[1]&page=$matches[2]";s:44:"projects-gallery/[^/]+/attachment/([^/]+)/?$";s:32:"index.php?attachment=$matches[1]";s:54:"projects-gallery/[^/]+/attachment/([^/]+)/trackback/?$";s:37:"index.php?attachment=$matches[1]&tb=1";s:74:"projects-gallery/[^/]+/attachment/([^/]+)/feed/(feed|rdf|rss|rss2|atom)/?$";s:49:"index.php?attachment=$matches[1]&feed=$matches[2]";s:69:"projects-gallery/[^/]+/attachment/([^/]+)/(feed|rdf|rss|rss2|atom)/?$";s:49:"index.php?attachment=$matches[1]&feed=$matches[2]";s:69:"projects-gallery/[^/]+/attachment/([^/]+)/comment-page-([0-9]{1,})/?$";s:50:"index.php?attachment=$matches[1]&cpage=$matches[2]";s:50:"projects-gallery/[^/]+/attachment/([^/]+)/embed/?$";s:43:"index.php?attachment=$matches[1]&embed=true";s:33:"projects-gallery/([^/]+)/embed/?$";s:41:"index.php?projects=$matches[1]&embed=true";s:37:"projects-gallery/([^/]+)/trackback/?$";s:35:"index.php?projects=$matches[1]&tb=1";s:57:"projects-gallery/([^/]+)/feed/(feed|rdf|rss|rss2|atom)/?$";s:47:"index.php?projects=$matches[1]&feed=$matches[2]";s:52:"projects-gallery/([^/]+)/(feed|rdf|rss|rss2|atom)/?$";s:47:"index.php?projects=$matches[1]&feed=$matches[2]";s:45:"projects-gallery/([^/]+)/page/?([0-9]{1,})/?$";s:48:"index.php?projects=$matches[1]&paged=$matches[2]";s:52:"projects-gallery/([^/]+)/comment-page-([0-9]{1,})/?$";s:48:"index.php?projects=$matches[1]&cpage=$matches[2]";s:41:"projects-gallery/([^/]+)(?:/([0-9]+))?/?$";s:47:"index.php?projects=$matches[1]&page=$matches[2]";s:33:"projects-gallery/[^/]+/([^/]+)/?$";s:32:"index.php?attachment=$matches[1]";s:43:"projects-gallery/[^/]+/([^/]+)/trackback/?$";s:37:"index.php?attachment=$matches[1]&tb=1";s:63:"projects-gallery/[^/]+/([^/]+)/feed/(feed|rdf|rss|rss2|atom)/?$";s:49:"index.php?attachment=$matches[1]&feed=$matches[2]";s:58:"projects-gallery/[^/]+/([^/]+)/(feed|rdf|rss|rss2|atom)/?$";s:49:"index.php?attachment=$matches[1]&feed=$matches[2]";s:58:"projects-gallery/[^/]+/([^/]+)/comment-page-([0-9]{1,})/?$";s:50:"index.php?attachment=$matches[1]&cpage=$matches[2]";s:39:"projects-gallery/[^/]+/([^/]+)/embed/?$";s:43:"index.php?attachment=$matches[1]&embed=true";s:36:"services/[^/]+/attachment/([^/]+)/?$";s:32:"index.php?attachment=$matches[1]";s:46:"services/[^/]+/attachment/([^/]+)/trackback/?$";s:37:"index.php?attachment=$matches[1]&tb=1";s:66:"services/[^/]+/attachment/([^/]+)/feed/(feed|rdf|rss|rss2|atom)/?$";s:49:"index.php?attachment=$matches[1]&feed=$matches[2]";s:61:"services/[^/]+/attachment/([^/]+)/(feed|rdf|rss|rss2|atom)/?$";s:49:"index.php?attachment=$matches[1]&feed=$matches[2]";s:61:"services/[^/]+/attachment/([^/]+)/comment-page-([0-9]{1,})/?$";s:50:"index.php?attachment=$matches[1]&cpage=$matches[2]";s:42:"services/[^/]+/attachment/([^/]+)/embed/?$";s:43:"index.php?attachment=$matches[1]&embed=true";s:25:"services/([^/]+)/embed/?$";s:41:"index.php?services=$matches[1]&embed=true";s:29:"services/([^/]+)/trackback/?$";s:35:"index.php?services=$matches[1]&tb=1";s:49:"services/([^/]+)/feed/(feed|rdf|rss|rss2|atom)/?$";s:47:"index.php?services=$matches[1]&feed=$matches[2]";s:44:"services/([^/]+)/(feed|rdf|rss|rss2|atom)/?$";s:47:"index.php?services=$matches[1]&feed=$matches[2]";s:37:"services/([^/]+)/page/?([0-9]{1,})/?$";s:48:"index.php?services=$matches[1]&paged=$matches[2]";s:44:"services/([^/]+)/comment-page-([0-9]{1,})/?$";s:48:"index.php?services=$matches[1]&cpage=$matches[2]";s:33:"services/([^/]+)(?:/([0-9]+))?/?$";s:47:"index.php?services=$matches[1]&page=$matches[2]";s:25:"services/[^/]+/([^/]+)/?$";s:32:"index.php?attachment=$matches[1]";s:35:"services/[^/]+/([^/]+)/trackback/?$";s:37:"index.php?attachment=$matches[1]&tb=1";s:55:"services/[^/]+/([^/]+)/feed/(feed|rdf|rss|rss2|atom)/?$";s:49:"index.php?attachment=$matches[1]&feed=$matches[2]";s:50:"services/[^/]+/([^/]+)/(feed|rdf|rss|rss2|atom)/?$";s:49:"index.php?attachment=$matches[1]&feed=$matches[2]";s:50:"services/[^/]+/([^/]+)/comment-page-([0-9]{1,})/?$";s:50:"index.php?attachment=$matches[1]&cpage=$matches[2]";s:31:"services/[^/]+/([^/]+)/embed/?$";s:43:"index.php?attachment=$matches[1]&embed=true";s:12:"robots\\.txt$";s:18:"index.php?robots=1";s:48:".*wp-(atom|rdf|rss|rss2|feed|commentsrss2)\\.php$";s:18:"index.php?feed=old";s:20:".*wp-app\\.php(/.*)?$";s:19:"index.php?error=403";s:18:".*wp-register.php$";s:23:"index.php?register=true";s:32:"feed/(feed|rdf|rss|rss2|atom)/?$";s:27:"index.php?&feed=$matches[1]";s:27:"(feed|rdf|rss|rss2|atom)/?$";s:27:"index.php?&feed=$matches[1]";s:8:"embed/?$";s:21:"index.php?&embed=true";s:20:"page/?([0-9]{1,})/?$";s:28:"index.php?&paged=$matches[1]";s:27:"comment-page-([0-9]{1,})/?$";s:39:"index.php?&page_id=58&cpage=$matches[1]";s:41:"comments/feed/(feed|rdf|rss|rss2|atom)/?$";s:42:"index.php?&feed=$matches[1]&withcomments=1";s:36:"comments/(feed|rdf|rss|rss2|atom)/?$";s:42:"index.php?&feed=$matches[1]&withcomments=1";s:17:"comments/embed/?$";s:21:"index.php?&embed=true";s:44:"search/(.+)/feed/(feed|rdf|rss|rss2|atom)/?$";s:40:"index.php?s=$matches[1]&feed=$matches[2]";s:39:"search/(.+)/(feed|rdf|rss|rss2|atom)/?$";s:40:"index.php?s=$matches[1]&feed=$matches[2]";s:20:"search/(.+)/embed/?$";s:34:"index.php?s=$matches[1]&embed=true";s:32:"search/(.+)/page/?([0-9]{1,})/?$";s:41:"index.php?s=$matches[1]&paged=$matches[2]";s:14:"search/(.+)/?$";s:23:"index.php?s=$matches[1]";s:47:"author/([^/]+)/feed/(feed|rdf|rss|rss2|atom)/?$";s:50:"index.php?author_name=$matches[1]&feed=$matches[2]";s:42:"author/([^/]+)/(feed|rdf|rss|rss2|atom)/?$";s:50:"index.php?author_name=$matches[1]&feed=$matches[2]";s:23:"author/([^/]+)/embed/?$";s:44:"index.php?author_name=$matches[1]&embed=true";s:35:"author/([^/]+)/page/?([0-9]{1,})/?$";s:51:"index.php?author_name=$matches[1]&paged=$matches[2]";s:17:"author/([^/]+)/?$";s:33:"index.php?author_name=$matches[1]";s:69:"([0-9]{4})/([0-9]{1,2})/([0-9]{1,2})/feed/(feed|rdf|rss|rss2|atom)/?$";s:80:"index.php?year=$matches[1]&monthnum=$matches[2]&day=$matches[3]&feed=$matches[4]";s:64:"([0-9]{4})/([0-9]{1,2})/([0-9]{1,2})/(feed|rdf|rss|rss2|atom)/?$";s:80:"index.php?year=$matches[1]&monthnum=$matches[2]&day=$matches[3]&feed=$matches[4]";s:45:"([0-9]{4})/([0-9]{1,2})/([0-9]{1,2})/embed/?$";s:74:"index.php?year=$matches[1]&monthnum=$matches[2]&day=$matches[3]&embed=true";s:57:"([0-9]{4})/([0-9]{1,2})/([0-9]{1,2})/page/?([0-9]{1,})/?$";s:81:"index.php?year=$matches[1]&monthnum=$matches[2]&day=$matches[3]&paged=$matches[4]";s:39:"([0-9]{4})/([0-9]{1,2})/([0-9]{1,2})/?$";s:63:"index.php?year=$matches[1]&monthnum=$matches[2]&day=$matches[3]";s:56:"([0-9]{4})/([0-9]{1,2})/feed/(feed|rdf|rss|rss2|atom)/?$";s:64:"index.php?year=$matches[1]&monthnum=$matches[2]&feed=$matches[3]";s:51:"([0-9]{4})/([0-9]{1,2})/(feed|rdf|rss|rss2|atom)/?$";s:64:"index.php?year=$matches[1]&monthnum=$matches[2]&feed=$matches[3]";s:32:"([0-9]{4})/([0-9]{1,2})/embed/?$";s:58:"index.php?year=$matches[1]&monthnum=$matches[2]&embed=true";s:44:"([0-9]{4})/([0-9]{1,2})/page/?([0-9]{1,})/?$";s:65:"index.php?year=$matches[1]&monthnum=$matches[2]&paged=$matches[3]";s:26:"([0-9]{4})/([0-9]{1,2})/?$";s:47:"index.php?year=$matches[1]&monthnum=$matches[2]";s:43:"([0-9]{4})/feed/(feed|rdf|rss|rss2|atom)/?$";s:43:"index.php?year=$matches[1]&feed=$matches[2]";s:38:"([0-9]{4})/(feed|rdf|rss|rss2|atom)/?$";s:43:"index.php?year=$matches[1]&feed=$matches[2]";s:19:"([0-9]{4})/embed/?$";s:37:"index.php?year=$matches[1]&embed=true";s:31:"([0-9]{4})/page/?([0-9]{1,})/?$";s:44:"index.php?year=$matches[1]&paged=$matches[2]";s:13:"([0-9]{4})/?$";s:26:"index.php?year=$matches[1]";s:58:"[0-9]{4}/[0-9]{1,2}/[0-9]{1,2}/[^/]+/attachment/([^/]+)/?$";s:32:"index.php?attachment=$matches[1]";s:68:"[0-9]{4}/[0-9]{1,2}/[0-9]{1,2}/[^/]+/attachment/([^/]+)/trackback/?$";s:37:"index.php?attachment=$matches[1]&tb=1";s:88:"[0-9]{4}/[0-9]{1,2}/[0-9]{1,2}/[^/]+/attachment/([^/]+)/feed/(feed|rdf|rss|rss2|atom)/?$";s:49:"index.php?attachment=$matches[1]&feed=$matches[2]";s:83:"[0-9]{4}/[0-9]{1,2}/[0-9]{1,2}/[^/]+/attachment/([^/]+)/(feed|rdf|rss|rss2|atom)/?$";s:49:"index.php?attachment=$matches[1]&feed=$matches[2]";s:83:"[0-9]{4}/[0-9]{1,2}/[0-9]{1,2}/[^/]+/attachment/([^/]+)/comment-page-([0-9]{1,})/?$";s:50:"index.php?attachment=$matches[1]&cpage=$matches[2]";s:64:"[0-9]{4}/[0-9]{1,2}/[0-9]{1,2}/[^/]+/attachment/([^/]+)/embed/?$";s:43:"index.php?attachment=$matches[1]&embed=true";s:53:"([0-9]{4})/([0-9]{1,2})/([0-9]{1,2})/([^/]+)/embed/?$";s:91:"index.php?year=$matches[1]&monthnum=$matches[2]&day=$matches[3]&name=$matches[4]&embed=true";s:57:"([0-9]{4})/([0-9]{1,2})/([0-9]{1,2})/([^/]+)/trackback/?$";s:85:"index.php?year=$matches[1]&monthnum=$matches[2]&day=$matches[3]&name=$matches[4]&tb=1";s:77:"([0-9]{4})/([0-9]{1,2})/([0-9]{1,2})/([^/]+)/feed/(feed|rdf|rss|rss2|atom)/?$";s:97:"index.php?year=$matches[1]&monthnum=$matches[2]&day=$matches[3]&name=$matches[4]&feed=$matches[5]";s:72:"([0-9]{4})/([0-9]{1,2})/([0-9]{1,2})/([^/]+)/(feed|rdf|rss|rss2|atom)/?$";s:97:"index.php?year=$matches[1]&monthnum=$matches[2]&day=$matches[3]&name=$matches[4]&feed=$matches[5]";s:65:"([0-9]{4})/([0-9]{1,2})/([0-9]{1,2})/([^/]+)/page/?([0-9]{1,})/?$";s:98:"index.php?year=$matches[1]&monthnum=$matches[2]&day=$matches[3]&name=$matches[4]&paged=$matches[5]";s:72:"([0-9]{4})/([0-9]{1,2})/([0-9]{1,2})/([^/]+)/comment-page-([0-9]{1,})/?$";s:98:"index.php?year=$matches[1]&monthnum=$matches[2]&day=$matches[3]&name=$matches[4]&cpage=$matches[5]";s:61:"([0-9]{4})/([0-9]{1,2})/([0-9]{1,2})/([^/]+)(?:/([0-9]+))?/?$";s:97:"index.php?year=$matches[1]&monthnum=$matches[2]&day=$matches[3]&name=$matches[4]&page=$matches[5]";s:47:"[0-9]{4}/[0-9]{1,2}/[0-9]{1,2}/[^/]+/([^/]+)/?$";s:32:"index.php?attachment=$matches[1]";s:57:"[0-9]{4}/[0-9]{1,2}/[0-9]{1,2}/[^/]+/([^/]+)/trackback/?$";s:37:"index.php?attachment=$matches[1]&tb=1";s:77:"[0-9]{4}/[0-9]{1,2}/[0-9]{1,2}/[^/]+/([^/]+)/feed/(feed|rdf|rss|rss2|atom)/?$";s:49:"index.php?attachment=$matches[1]&feed=$matches[2]";s:72:"[0-9]{4}/[0-9]{1,2}/[0-9]{1,2}/[^/]+/([^/]+)/(feed|rdf|rss|rss2|atom)/?$";s:49:"index.php?attachment=$matches[1]&feed=$matches[2]";s:72:"[0-9]{4}/[0-9]{1,2}/[0-9]{1,2}/[^/]+/([^/]+)/comment-page-([0-9]{1,})/?$";s:50:"index.php?attachment=$matches[1]&cpage=$matches[2]";s:53:"[0-9]{4}/[0-9]{1,2}/[0-9]{1,2}/[^/]+/([^/]+)/embed/?$";s:43:"index.php?attachment=$matches[1]&embed=true";s:64:"([0-9]{4})/([0-9]{1,2})/([0-9]{1,2})/comment-page-([0-9]{1,})/?$";s:81:"index.php?year=$matches[1]&monthnum=$matches[2]&day=$matches[3]&cpage=$matches[4]";s:51:"([0-9]{4})/([0-9]{1,2})/comment-page-([0-9]{1,})/?$";s:65:"index.php?year=$matches[1]&monthnum=$matches[2]&cpage=$matches[3]";s:38:"([0-9]{4})/comment-page-([0-9]{1,})/?$";s:44:"index.php?year=$matches[1]&cpage=$matches[2]";s:27:".?.+?/attachment/([^/]+)/?$";s:32:"index.php?attachment=$matches[1]";s:37:".?.+?/attachment/([^/]+)/trackback/?$";s:37:"index.php?attachment=$matches[1]&tb=1";s:57:".?.+?/attachment/([^/]+)/feed/(feed|rdf|rss|rss2|atom)/?$";s:49:"index.php?attachment=$matches[1]&feed=$matches[2]";s:52:".?.+?/attachment/([^/]+)/(feed|rdf|rss|rss2|atom)/?$";s:49:"index.php?attachment=$matches[1]&feed=$matches[2]";s:52:".?.+?/attachment/([^/]+)/comment-page-([0-9]{1,})/?$";s:50:"index.php?attachment=$matches[1]&cpage=$matches[2]";s:33:".?.+?/attachment/([^/]+)/embed/?$";s:43:"index.php?attachment=$matches[1]&embed=true";s:16:"(.?.+?)/embed/?$";s:41:"index.php?pagename=$matches[1]&embed=true";s:20:"(.?.+?)/trackback/?$";s:35:"index.php?pagename=$matches[1]&tb=1";s:40:"(.?.+?)/feed/(feed|rdf|rss|rss2|atom)/?$";s:47:"index.php?pagename=$matches[1]&feed=$matches[2]";s:35:"(.?.+?)/(feed|rdf|rss|rss2|atom)/?$";s:47:"index.php?pagename=$matches[1]&feed=$matches[2]";s:28:"(.?.+?)/page/?([0-9]{1,})/?$";s:48:"index.php?pagename=$matches[1]&paged=$matches[2]";s:35:"(.?.+?)/comment-page-([0-9]{1,})/?$";s:48:"index.php?pagename=$matches[1]&cpage=$matches[2]";s:24:"(.?.+?)(?:/([0-9]+))?/?$";s:47:"index.php?pagename=$matches[1]&page=$matches[2]";}', 'yes'),
(30, 'hack_file', '0', 'yes'),
(31, 'blog_charset', 'UTF-8', 'yes'),
(32, 'moderation_keys', '', 'no'),
(33, 'active_plugins', 'a:1:{i:0;s:49:"advanced-database-cleaner/advanced-db-cleaner.php";}', 'yes'),
(34, 'category_base', '', 'yes'),
(35, 'ping_sites', 'http://rpc.pingomatic.com/', 'yes'),
(36, 'comment_max_links', '2', 'yes'),
(37, 'gmt_offset', '0', 'yes'),
(38, 'default_email_category', '1', 'yes'),
(39, 'recently_edited', 'a:5:{i:0;s:57:"/var/www/html/wp-content/themes/Laav-Architects/style.css";i:2;s:58:"/var/www/html/wp-content/themes/Laav-Architects/header.php";i:3;s:57:"/var/www/html/wp-content/themes/Laav-Architects/index.php";i:4;s:61:"/var/www/html/wp-content/themes/Laav-Architects/functions.php";i:5;s:0:"";}', 'no'),
(40, 'template', 'Laav-Architects', 'yes'),
(41, 'stylesheet', 'Laav-Architects', 'yes'),
(42, 'comment_whitelist', '1', 'yes'),
(43, 'blacklist_keys', '', 'no'),
(44, 'comment_registration', '0', 'yes'),
(45, 'html_type', 'text/html', 'yes'),
(46, 'use_trackback', '0', 'yes'),
(47, 'default_role', 'subscriber', 'yes'),
(48, 'db_version', '38590', 'yes'),
(49, 'uploads_use_yearmonth_folders', '1', 'yes'),
(50, 'upload_path', '', 'yes'),
(51, 'blog_public', '0', 'yes'),
(52, 'default_link_category', '2', 'yes'),
(53, 'show_on_front', 'page', 'yes'),
(54, 'tag_base', '', 'yes'),
(55, 'show_avatars', '1', 'yes'),
(56, 'avatar_rating', 'G', 'yes'),
(57, 'upload_url_path', '', 'yes'),
(58, 'thumbnail_size_w', '150', 'yes'),
(59, 'thumbnail_size_h', '150', 'yes'),
(60, 'thumbnail_crop', '1', 'yes'),
(61, 'medium_size_w', '300', 'yes'),
(62, 'medium_size_h', '300', 'yes'),
(63, 'avatar_default', 'mystery', 'yes'),
(64, 'large_size_w', '1024', 'yes'),
(65, 'large_size_h', '1024', 'yes'),
(66, 'image_default_link_type', 'none', 'yes'),
(67, 'image_default_size', '', 'yes'),
(68, 'image_default_align', '', 'yes'),
(69, 'close_comments_for_old_posts', '0', 'yes'),
(70, 'close_comments_days_old', '14', 'yes'),
(71, 'thread_comments', '1', 'yes'),
(72, 'thread_comments_depth', '5', 'yes'),
(73, 'page_comments', '0', 'yes'),
(74, 'comments_per_page', '50', 'yes'),
(75, 'default_comments_page', 'newest', 'yes'),
(76, 'comment_order', 'asc', 'yes'),
(77, 'sticky_posts', 'a:0:{}', 'yes'),
(78, 'widget_categories', 'a:2:{i:2;a:4:{s:5:"title";s:0:"";s:5:"count";i:0;s:12:"hierarchical";i:0;s:8:"dropdown";i:0;}s:12:"_multiwidget";i:1;}', 'yes'),
(79, 'widget_text', 'a:5:{i:2;a:4:{s:5:"title";s:7:"Find Us";s:4:"text";s:168:"<strong>Address</strong>\n123 Main Street\nNew York, NY 10001\n\n<strong>Hours</strong>\nMonday&mdash;Friday: 9:00AM&ndash;5:00PM\nSaturday &amp; Sunday: 11:00AM&ndash;3:00PM";s:6:"filter";b:1;s:6:"visual";b:1;}i:3;a:4:{s:5:"title";s:15:"About This Site";s:4:"text";s:85:"This may be a good place to introduce yourself and your site or include some credits.";s:6:"filter";b:1;s:6:"visual";b:1;}i:4;a:4:{s:5:"title";s:7:"Find Us";s:4:"text";s:168:"<strong>Address</strong>\n123 Main Street\nNew York, NY 10001\n\n<strong>Hours</strong>\nMonday&mdash;Friday: 9:00AM&ndash;5:00PM\nSaturday &amp; Sunday: 11:00AM&ndash;3:00PM";s:6:"filter";b:1;s:6:"visual";b:1;}i:5;a:4:{s:5:"title";s:15:"About This Site";s:4:"text";s:85:"This may be a good place to introduce yourself and your site or include some credits.";s:6:"filter";b:1;s:6:"visual";b:1;}s:12:"_multiwidget";i:1;}', 'yes'),
(80, 'widget_rss', 'a:2:{i:1;a:0:{}s:12:"_multiwidget";i:1;}', 'yes'),
(81, 'uninstall_plugins', 'a:1:{s:49:"advanced-database-cleaner/advanced-db-cleaner.php";s:14:"aDBc_uninstall";}', 'no'),
(82, 'timezone_string', '', 'yes'),
(83, 'page_for_posts', '0', 'yes'),
(84, 'page_on_front', '58', 'yes'),
(85, 'default_post_format', '0', 'yes'),
(86, 'link_manager_enabled', '0', 'yes'),
(87, 'finished_splitting_shared_terms', '1', 'yes'),
(88, 'site_icon', '95', 'yes'),
(89, 'medium_large_size_w', '768', 'yes'),
(90, 'medium_large_size_h', '0', 'yes'),
(91, 'initial_db_version', '38590', 'yes'),
(92, 'wp_laavuser_roles', 'a:5:{s:13:"administrator";a:2:{s:4:"name";s:13:"Administrator";s:12:"capabilities";a:61:{s:13:"switch_themes";b:1;s:11:"edit_themes";b:1;s:16:"activate_plugins";b:1;s:12:"edit_plugins";b:1;s:10:"edit_users";b:1;s:10:"edit_files";b:1;s:14:"manage_options";b:1;s:17:"moderate_comments";b:1;s:17:"manage_categories";b:1;s:12:"manage_links";b:1;s:12:"upload_files";b:1;s:6:"import";b:1;s:15:"unfiltered_html";b:1;s:10:"edit_posts";b:1;s:17:"edit_others_posts";b:1;s:20:"edit_published_posts";b:1;s:13:"publish_posts";b:1;s:10:"edit_pages";b:1;s:4:"read";b:1;s:8:"level_10";b:1;s:7:"level_9";b:1;s:7:"level_8";b:1;s:7:"level_7";b:1;s:7:"level_6";b:1;s:7:"level_5";b:1;s:7:"level_4";b:1;s:7:"level_3";b:1;s:7:"level_2";b:1;s:7:"level_1";b:1;s:7:"level_0";b:1;s:17:"edit_others_pages";b:1;s:20:"edit_published_pages";b:1;s:13:"publish_pages";b:1;s:12:"delete_pages";b:1;s:19:"delete_others_pages";b:1;s:22:"delete_published_pages";b:1;s:12:"delete_posts";b:1;s:19:"delete_others_posts";b:1;s:22:"delete_published_posts";b:1;s:20:"delete_private_posts";b:1;s:18:"edit_private_posts";b:1;s:18:"read_private_posts";b:1;s:20:"delete_private_pages";b:1;s:18:"edit_private_pages";b:1;s:18:"read_private_pages";b:1;s:12:"delete_users";b:1;s:12:"create_users";b:1;s:17:"unfiltered_upload";b:1;s:14:"edit_dashboard";b:1;s:14:"update_plugins";b:1;s:14:"delete_plugins";b:1;s:15:"install_plugins";b:1;s:13:"update_themes";b:1;s:14:"install_themes";b:1;s:11:"update_core";b:1;s:10:"list_users";b:1;s:12:"remove_users";b:1;s:13:"promote_users";b:1;s:18:"edit_theme_options";b:1;s:13:"delete_themes";b:1;s:6:"export";b:1;}}s:6:"editor";a:2:{s:4:"name";s:6:"Editor";s:12:"capabilities";a:34:{s:17:"moderate_comments";b:1;s:17:"manage_categories";b:1;s:12:"manage_links";b:1;s:12:"upload_files";b:1;s:15:"unfiltered_html";b:1;s:10:"edit_posts";b:1;s:17:"edit_others_posts";b:1;s:20:"edit_published_posts";b:1;s:13:"publish_posts";b:1;s:10:"edit_pages";b:1;s:4:"read";b:1;s:7:"level_7";b:1;s:7:"level_6";b:1;s:7:"level_5";b:1;s:7:"level_4";b:1;s:7:"level_3";b:1;s:7:"level_2";b:1;s:7:"level_1";b:1;s:7:"level_0";b:1;s:17:"edit_others_pages";b:1;s:20:"edit_published_pages";b:1;s:13:"publish_pages";b:1;s:12:"delete_pages";b:1;s:19:"delete_others_pages";b:1;s:22:"delete_published_pages";b:1;s:12:"delete_posts";b:1;s:19:"delete_others_posts";b:1;s:22:"delete_published_posts";b:1;s:20:"delete_private_posts";b:1;s:18:"edit_private_posts";b:1;s:18:"read_private_posts";b:1;s:20:"delete_private_pages";b:1;s:18:"edit_private_pages";b:1;s:18:"read_private_pages";b:1;}}s:6:"author";a:2:{s:4:"name";s:6:"Author";s:12:"capabilities";a:10:{s:12:"upload_files";b:1;s:10:"edit_posts";b:1;s:20:"edit_published_posts";b:1;s:13:"publish_posts";b:1;s:4:"read";b:1;s:7:"level_2";b:1;s:7:"level_1";b:1;s:7:"level_0";b:1;s:12:"delete_posts";b:1;s:22:"delete_published_posts";b:1;}}s:11:"contributor";a:2:{s:4:"name";s:11:"Contributor";s:12:"capabilities";a:5:{s:10:"edit_posts";b:1;s:4:"read";b:1;s:7:"level_1";b:1;s:7:"level_0";b:1;s:12:"delete_posts";b:1;}}s:10:"subscriber";a:2:{s:4:"name";s:10:"Subscriber";s:12:"capabilities";a:2:{s:4:"read";b:1;s:7:"level_0";b:1;}}}', 'yes'),
(93, 'fresh_site', '0', 'yes'),
(94, 'WPLANG', 'en_NZ', 'yes'),
(95, 'widget_search', 'a:2:{i:2;a:1:{s:5:"title";s:0:"";}s:12:"_multiwidget";i:1;}', 'yes'),
(96, 'widget_recent-posts', 'a:2:{i:2;a:2:{s:5:"title";s:0:"";s:6:"number";i:5;}s:12:"_multiwidget";i:1;}', 'yes'),
(97, 'widget_recent-comments', 'a:2:{i:2;a:2:{s:5:"title";s:0:"";s:6:"number";i:5;}s:12:"_multiwidget";i:1;}', 'yes'),
(98, 'widget_archives', 'a:2:{i:2;a:3:{s:5:"title";s:0:"";s:5:"count";i:0;s:8:"dropdown";i:0;}s:12:"_multiwidget";i:1;}', 'yes'),
(99, 'widget_meta', 'a:2:{i:2;a:1:{s:5:"title";s:0:"";}s:12:"_multiwidget";i:1;}', 'yes'),
(100, 'sidebars_widgets', 'a:2:{s:19:"wp_inactive_widgets";a:10:{i:0;s:6:"text-2";i:1;s:6:"text-3";i:2;s:6:"text-4";i:3;s:6:"text-5";i:4;s:8:"search-2";i:5;s:14:"recent-posts-2";i:6;s:17:"recent-comments-2";i:7;s:10:"archives-2";i:8;s:12:"categories-2";i:9;s:6:"meta-2";}s:13:"array_version";i:3;}', 'yes'),
(101, 'widget_pages', 'a:1:{s:12:"_multiwidget";i:1;}', 'yes'),
(102, 'widget_calendar', 'a:1:{s:12:"_multiwidget";i:1;}', 'yes'),
(103, 'widget_media_audio', 'a:1:{s:12:"_multiwidget";i:1;}', 'yes'),
(104, 'widget_media_image', 'a:1:{s:12:"_multiwidget";i:1;}', 'yes'),
(105, 'widget_media_video', 'a:1:{s:12:"_multiwidget";i:1;}', 'yes'),
(106, 'widget_tag_cloud', 'a:1:{s:12:"_multiwidget";i:1;}', 'yes'),
(107, 'widget_nav_menu', 'a:1:{s:12:"_multiwidget";i:1;}', 'yes'),
(108, 'widget_custom_html', 'a:1:{s:12:"_multiwidget";i:1;}', 'yes'),
(109, 'cron', 'a:5:{i:1512635807;a:3:{s:16:"wp_version_check";a:1:{s:32:"40cd750bba9870f18aada2478b24840a";a:3:{s:8:"schedule";s:10:"twicedaily";s:4:"args";a:0:{}s:8:"interval";i:43200;}}s:17:"wp_update_plugins";a:1:{s:32:"40cd750bba9870f18aada2478b24840a";a:3:{s:8:"schedule";s:10:"twicedaily";s:4:"args";a:0:{}s:8:"interval";i:43200;}}s:16:"wp_update_themes";a:1:{s:32:"40cd750bba9870f18aada2478b24840a";a:3:{s:8:"schedule";s:10:"twicedaily";s:4:"args";a:0:{}s:8:"interval";i:43200;}}}i:1512635843;a:1:{s:19:"wp_scheduled_delete";a:1:{s:32:"40cd750bba9870f18aada2478b24840a";a:3:{s:8:"schedule";s:5:"daily";s:4:"args";a:0:{}s:8:"interval";i:86400;}}}i:1512637491;a:1:{s:30:"wp_scheduled_auto_draft_delete";a:1:{s:32:"40cd750bba9870f18aada2478b24840a";a:3:{s:8:"schedule";s:5:"daily";s:4:"args";a:0:{}s:8:"interval";i:86400;}}}i:1512677277;a:1:{s:25:"delete_expired_transients";a:1:{s:32:"40cd750bba9870f18aada2478b24840a";a:3:{s:8:"schedule";s:5:"daily";s:4:"args";a:0:{}s:8:"interval";i:86400;}}}s:7:"version";i:2;}', 'yes'),
(110, 'theme_mods_twentyseventeen', 'a:3:{s:18:"custom_css_post_id";i:-1;s:16:"sidebars_widgets";a:2:{s:4:"time";i:1512593644;s:4:"data";a:4:{s:19:"wp_inactive_widgets";a:10:{i:0;s:6:"text-2";i:1;s:6:"text-3";i:2;s:6:"text-4";i:3;s:6:"text-5";i:4;s:8:"search-2";i:5;s:14:"recent-posts-2";i:6;s:17:"recent-comments-2";i:7;s:10:"archives-2";i:8;s:12:"categories-2";i:9;s:6:"meta-2";}s:9:"sidebar-1";a:0:{}s:9:"sidebar-2";a:0:{}s:9:"sidebar-3";a:0:{}}}s:18:"nav_menu_locations";a:1:{s:3:"top";i:2;}}', 'yes'),
(126, 'can_compress_scripts', '0', 'no'),
(141, 'auto_core_update_notified', 'a:4:{s:4:"type";s:7:"success";s:5:"email";s:22:"kshantilal03@gmail.com";s:7:"version";s:5:"4.8.4";s:9:"timestamp";i:1512031031;}', 'no'),
(153, 'current_theme', 'Laav Architects', 'yes'),
(154, 'theme_mods_Laav-Architects', 'a:10:{i:0;b:0;s:18:"custom_css_post_id";i:-1;s:16:"laav_footer_text";s:42:"建築家 Copyright 2017 LAAV ARCHITECTS";s:18:"laav_footer_colour";s:7:"#53607a";s:23:"laav_footer_text_colour";s:7:"#ffffff";s:11:"custom_logo";i:25;s:18:"nav_menu_locations";a:1:{s:7:"primary";i:2;}s:15:"laav_nav_colour";s:7:"#ffffff";s:22:"laav_background_colour";s:7:"#2a364a";s:16:"sidebars_widgets";a:2:{s:4:"time";i:1512593638;s:4:"data";a:1:{s:19:"wp_inactive_widgets";a:10:{i:0;s:6:"text-2";i:1;s:6:"text-3";i:2;s:6:"text-4";i:3;s:6:"text-5";i:4;s:8:"search-2";i:5;s:14:"recent-posts-2";i:6;s:17:"recent-comments-2";i:7;s:10:"archives-2";i:8;s:12:"categories-2";i:9;s:6:"meta-2";}}}}', 'yes'),
(155, 'theme_switched', '', 'yes'),
(212, 'nav_menu_options', 'a:2:{i:0;b:0;s:8:"auto_add";a:1:{i:0;i:2;}}', 'yes'),
(312, 'widget_media_gallery', 'a:1:{s:12:"_multiwidget";i:1;}', 'yes'),
(315, '_site_transient_update_core', 'O:8:"stdClass":4:{s:7:"updates";a:1:{i:0;O:8:"stdClass":10:{s:8:"response";s:6:"latest";s:8:"download";s:65:"https://downloads.wordpress.org/release/en_NZ/wordpress-4.9.1.zip";s:6:"locale";s:5:"en_NZ";s:8:"packages";O:8:"stdClass":5:{s:4:"full";s:65:"https://downloads.wordpress.org/release/en_NZ/wordpress-4.9.1.zip";s:10:"no_content";b:0;s:11:"new_bundled";b:0;s:7:"partial";b:0;s:8:"rollback";b:0;}s:7:"current";s:5:"4.9.1";s:7:"version";s:5:"4.9.1";s:11:"php_version";s:5:"5.2.4";s:13:"mysql_version";s:3:"5.0";s:11:"new_bundled";s:3:"4.7";s:15:"partial_version";s:0:"";}}s:12:"last_checked";i:1512593626;s:15:"version_checked";s:5:"4.9.1";s:12:"translations";a:0:{}}', 'no'),
(329, '_site_transient_timeout_community-events-fe448b41359fe892ea154a94037959a3', '1512633209', 'no'),
(330, '_site_transient_community-events-fe448b41359fe892ea154a94037959a3', 'a:2:{s:8:"location";a:1:{s:2:"ip";s:12:"192.168.33.0";}s:6:"events";a:1:{i:0;a:7:{s:4:"type";s:6:"meetup";s:5:"title";s:32:"December 11 - Eat. Drink. Share.";s:3:"url";s:65:"https://www.meetup.com/Auckland-WordPress-Users/events/245520222/";s:6:"meetup";s:29:"Auckland WordPress User Group";s:10:"meetup_url";s:48:"https://www.meetup.com/Auckland-WordPress-Users/";s:4:"date";s:19:"2017-12-11 18:30:00";s:8:"location";a:4:{s:8:"location";s:21:"Auckland, New Zealand";s:7:"country";s:2:"NZ";s:8:"latitude";d:-36.843636;s:9:"longitude";d:174.75726;}}}}', 'no'),
(339, '_transient_timeout_dash_v2_b4f9b57f26a94c90aaf68ebc0a62e7a8', '1512633214', 'no'),
(340, '_transient_dash_v2_b4f9b57f26a94c90aaf68ebc0a62e7a8', '<div class="rss-widget"><ul><li><a class=''rsswidget'' href=''https://wordpress.org/news/2017/12/the-month-in-wordpress-november-2017/''>The Month in WordPress: November 2017</a></li></ul></div><div class="rss-widget"><ul><li><a class=''rsswidget'' href=''https://heropress.com/essays/remote-work-brings-freedom/#utm_source=rss&#038;utm_medium=rss&#038;utm_campaign=remote-work-brings-freedom''>HeroPress: Remote Work Brings Freedom</a></li><li><a class=''rsswidget'' href=''https://heropress.com/new-sponsor-rtcamp/#utm_source=rss&#038;utm_medium=rss&#038;utm_campaign=new-sponsor-rtcamp''>HeroPress: A New Sponsor: rtCamp</a></li><li><a class=''rsswidget'' href=''https://wptavern.com/wordcamp-us-2017-is-livestreaming-all-sessions-for-free''>WPTavern: WordCamp US 2017 is Livestreaming All Sessions for Free</a></li></ul></div>', 'no'),
(354, '_site_transient_timeout_available_translations', '1512604090', 'no');
INSERT INTO `wp_laavoptions` (`option_id`, `option_name`, `option_value`, `autoload`) VALUES
(355, '_site_transient_available_translations', 'a:111:{s:2:"af";a:8:{s:8:"language";s:2:"af";s:7:"version";s:5:"4.9.1";s:7:"updated";s:19:"2017-12-01 13:40:41";s:12:"english_name";s:9:"Afrikaans";s:11:"native_name";s:9:"Afrikaans";s:7:"package";s:61:"https://downloads.wordpress.org/translation/core/4.9.1/af.zip";s:3:"iso";a:2:{i:1;s:2:"af";i:2;s:3:"afr";}s:7:"strings";a:1:{s:8:"continue";s:10:"Gaan voort";}}s:2:"ar";a:8:{s:8:"language";s:2:"ar";s:7:"version";s:5:"4.9.1";s:7:"updated";s:19:"2017-11-27 09:27:02";s:12:"english_name";s:6:"Arabic";s:11:"native_name";s:14:"العربية";s:7:"package";s:61:"https://downloads.wordpress.org/translation/core/4.9.1/ar.zip";s:3:"iso";a:2:{i:1;s:2:"ar";i:2;s:3:"ara";}s:7:"strings";a:1:{s:8:"continue";s:16:"المتابعة";}}s:3:"ary";a:8:{s:8:"language";s:3:"ary";s:7:"version";s:5:"4.7.7";s:7:"updated";s:19:"2017-01-26 15:42:35";s:12:"english_name";s:15:"Moroccan Arabic";s:11:"native_name";s:31:"العربية المغربية";s:7:"package";s:62:"https://downloads.wordpress.org/translation/core/4.7.7/ary.zip";s:3:"iso";a:2:{i:1;s:2:"ar";i:3;s:3:"ary";}s:7:"strings";a:1:{s:8:"continue";s:16:"المتابعة";}}s:2:"as";a:8:{s:8:"language";s:2:"as";s:7:"version";s:5:"4.7.2";s:7:"updated";s:19:"2016-11-22 18:59:07";s:12:"english_name";s:8:"Assamese";s:11:"native_name";s:21:"অসমীয়া";s:7:"package";s:61:"https://downloads.wordpress.org/translation/core/4.7.2/as.zip";s:3:"iso";a:3:{i:1;s:2:"as";i:2;s:3:"asm";i:3;s:3:"asm";}s:7:"strings";a:1:{s:8:"continue";s:0:"";}}s:3:"azb";a:8:{s:8:"language";s:3:"azb";s:7:"version";s:5:"4.7.2";s:7:"updated";s:19:"2016-09-12 20:34:31";s:12:"english_name";s:17:"South Azerbaijani";s:11:"native_name";s:29:"گؤنئی آذربایجان";s:7:"package";s:62:"https://downloads.wordpress.org/translation/core/4.7.2/azb.zip";s:3:"iso";a:2:{i:1;s:2:"az";i:3;s:3:"azb";}s:7:"strings";a:1:{s:8:"continue";s:8:"Continue";}}s:2:"az";a:8:{s:8:"language";s:2:"az";s:7:"version";s:5:"4.7.2";s:7:"updated";s:19:"2016-11-06 00:09:27";s:12:"english_name";s:11:"Azerbaijani";s:11:"native_name";s:16:"Azərbaycan dili";s:7:"package";s:61:"https://downloads.wordpress.org/translation/core/4.7.2/az.zip";s:3:"iso";a:2:{i:1;s:2:"az";i:2;s:3:"aze";}s:7:"strings";a:1:{s:8:"continue";s:5:"Davam";}}s:3:"bel";a:8:{s:8:"language";s:3:"bel";s:7:"version";s:5:"4.9.1";s:7:"updated";s:19:"2017-11-14 06:19:36";s:12:"english_name";s:10:"Belarusian";s:11:"native_name";s:29:"Беларуская мова";s:7:"package";s:62:"https://downloads.wordpress.org/translation/core/4.9.1/bel.zip";s:3:"iso";a:2:{i:1;s:2:"be";i:2;s:3:"bel";}s:7:"strings";a:1:{s:8:"continue";s:20:"Працягнуць";}}s:5:"bg_BG";a:8:{s:8:"language";s:5:"bg_BG";s:7:"version";s:5:"4.9.1";s:7:"updated";s:19:"2017-11-15 09:53:15";s:12:"english_name";s:9:"Bulgarian";s:11:"native_name";s:18:"Български";s:7:"package";s:64:"https://downloads.wordpress.org/translation/core/4.9.1/bg_BG.zip";s:3:"iso";a:2:{i:1;s:2:"bg";i:2;s:3:"bul";}s:7:"strings";a:1:{s:8:"continue";s:22:"Продължение";}}s:5:"bn_BD";a:8:{s:8:"language";s:5:"bn_BD";s:7:"version";s:5:"4.8.3";s:7:"updated";s:19:"2017-10-01 12:57:10";s:12:"english_name";s:7:"Bengali";s:11:"native_name";s:15:"বাংলা";s:7:"package";s:64:"https://downloads.wordpress.org/translation/core/4.8.3/bn_BD.zip";s:3:"iso";a:1:{i:1;s:2:"bn";}s:7:"strings";a:1:{s:8:"continue";s:23:"এগিয়ে চল.";}}s:2:"bo";a:8:{s:8:"language";s:2:"bo";s:7:"version";s:5:"4.7.2";s:7:"updated";s:19:"2016-09-05 09:44:12";s:12:"english_name";s:7:"Tibetan";s:11:"native_name";s:21:"བོད་ཡིག";s:7:"package";s:61:"https://downloads.wordpress.org/translation/core/4.7.2/bo.zip";s:3:"iso";a:2:{i:1;s:2:"bo";i:2;s:3:"tib";}s:7:"strings";a:1:{s:8:"continue";s:24:"མུ་མཐུད།";}}s:5:"bs_BA";a:8:{s:8:"language";s:5:"bs_BA";s:7:"version";s:5:"4.7.2";s:7:"updated";s:19:"2016-09-04 20:20:28";s:12:"english_name";s:7:"Bosnian";s:11:"native_name";s:8:"Bosanski";s:7:"package";s:64:"https://downloads.wordpress.org/translation/core/4.7.2/bs_BA.zip";s:3:"iso";a:2:{i:1;s:2:"bs";i:2;s:3:"bos";}s:7:"strings";a:1:{s:8:"continue";s:7:"Nastavi";}}s:2:"ca";a:8:{s:8:"language";s:2:"ca";s:7:"version";s:5:"4.9.1";s:7:"updated";s:19:"2017-11-20 18:20:12";s:12:"english_name";s:7:"Catalan";s:11:"native_name";s:7:"Català";s:7:"package";s:61:"https://downloads.wordpress.org/translation/core/4.9.1/ca.zip";s:3:"iso";a:2:{i:1;s:2:"ca";i:2;s:3:"cat";}s:7:"strings";a:1:{s:8:"continue";s:8:"Continua";}}s:3:"ceb";a:8:{s:8:"language";s:3:"ceb";s:7:"version";s:5:"4.7.2";s:7:"updated";s:19:"2016-03-02 17:25:51";s:12:"english_name";s:7:"Cebuano";s:11:"native_name";s:7:"Cebuano";s:7:"package";s:62:"https://downloads.wordpress.org/translation/core/4.7.2/ceb.zip";s:3:"iso";a:2:{i:2;s:3:"ceb";i:3;s:3:"ceb";}s:7:"strings";a:1:{s:8:"continue";s:7:"Padayun";}}s:5:"cs_CZ";a:8:{s:8:"language";s:5:"cs_CZ";s:7:"version";s:5:"4.7.2";s:7:"updated";s:19:"2017-01-12 08:46:26";s:12:"english_name";s:5:"Czech";s:11:"native_name";s:12:"Čeština‎";s:7:"package";s:64:"https://downloads.wordpress.org/translation/core/4.7.2/cs_CZ.zip";s:3:"iso";a:2:{i:1;s:2:"cs";i:2;s:3:"ces";}s:7:"strings";a:1:{s:8:"continue";s:11:"Pokračovat";}}s:2:"cy";a:8:{s:8:"language";s:2:"cy";s:7:"version";s:5:"4.9.1";s:7:"updated";s:19:"2017-11-22 16:19:20";s:12:"english_name";s:5:"Welsh";s:11:"native_name";s:7:"Cymraeg";s:7:"package";s:61:"https://downloads.wordpress.org/translation/core/4.9.1/cy.zip";s:3:"iso";a:2:{i:1;s:2:"cy";i:2;s:3:"cym";}s:7:"strings";a:1:{s:8:"continue";s:6:"Parhau";}}s:5:"da_DK";a:8:{s:8:"language";s:5:"da_DK";s:7:"version";s:5:"4.9.1";s:7:"updated";s:19:"2017-11-18 19:23:14";s:12:"english_name";s:6:"Danish";s:11:"native_name";s:5:"Dansk";s:7:"package";s:64:"https://downloads.wordpress.org/translation/core/4.9.1/da_DK.zip";s:3:"iso";a:2:{i:1;s:2:"da";i:2;s:3:"dan";}s:7:"strings";a:1:{s:8:"continue";s:12:"Forts&#230;t";}}s:14:"de_CH_informal";a:8:{s:8:"language";s:14:"de_CH_informal";s:7:"version";s:5:"4.9.1";s:7:"updated";s:19:"2017-11-22 15:43:53";s:12:"english_name";s:30:"German (Switzerland, Informal)";s:11:"native_name";s:21:"Deutsch (Schweiz, Du)";s:7:"package";s:73:"https://downloads.wordpress.org/translation/core/4.9.1/de_CH_informal.zip";s:3:"iso";a:1:{i:1;s:2:"de";}s:7:"strings";a:1:{s:8:"continue";s:6:"Weiter";}}s:5:"de_CH";a:8:{s:8:"language";s:5:"de_CH";s:7:"version";s:5:"4.9.1";s:7:"updated";s:19:"2017-11-22 15:38:30";s:12:"english_name";s:20:"German (Switzerland)";s:11:"native_name";s:17:"Deutsch (Schweiz)";s:7:"package";s:64:"https://downloads.wordpress.org/translation/core/4.9.1/de_CH.zip";s:3:"iso";a:1:{i:1;s:2:"de";}s:7:"strings";a:1:{s:8:"continue";s:10:"Fortfahren";}}s:12:"de_DE_formal";a:8:{s:8:"language";s:12:"de_DE_formal";s:7:"version";s:5:"4.9.1";s:7:"updated";s:19:"2017-12-03 11:38:18";s:12:"english_name";s:15:"German (Formal)";s:11:"native_name";s:13:"Deutsch (Sie)";s:7:"package";s:71:"https://downloads.wordpress.org/translation/core/4.9.1/de_DE_formal.zip";s:3:"iso";a:1:{i:1;s:2:"de";}s:7:"strings";a:1:{s:8:"continue";s:10:"Fortfahren";}}s:5:"de_DE";a:8:{s:8:"language";s:5:"de_DE";s:7:"version";s:5:"4.9.1";s:7:"updated";s:19:"2017-12-03 11:38:13";s:12:"english_name";s:6:"German";s:11:"native_name";s:7:"Deutsch";s:7:"package";s:64:"https://downloads.wordpress.org/translation/core/4.9.1/de_DE.zip";s:3:"iso";a:1:{i:1;s:2:"de";}s:7:"strings";a:1:{s:8:"continue";s:10:"Fortfahren";}}s:3:"dzo";a:8:{s:8:"language";s:3:"dzo";s:7:"version";s:5:"4.7.2";s:7:"updated";s:19:"2016-06-29 08:59:03";s:12:"english_name";s:8:"Dzongkha";s:11:"native_name";s:18:"རྫོང་ཁ";s:7:"package";s:62:"https://downloads.wordpress.org/translation/core/4.7.2/dzo.zip";s:3:"iso";a:2:{i:1;s:2:"dz";i:2;s:3:"dzo";}s:7:"strings";a:1:{s:8:"continue";s:0:"";}}s:2:"el";a:8:{s:8:"language";s:2:"el";s:7:"version";s:5:"4.9.1";s:7:"updated";s:19:"2017-11-29 10:17:00";s:12:"english_name";s:5:"Greek";s:11:"native_name";s:16:"Ελληνικά";s:7:"package";s:61:"https://downloads.wordpress.org/translation/core/4.9.1/el.zip";s:3:"iso";a:2:{i:1;s:2:"el";i:2;s:3:"ell";}s:7:"strings";a:1:{s:8:"continue";s:16:"Συνέχεια";}}s:5:"en_AU";a:8:{s:8:"language";s:5:"en_AU";s:7:"version";s:5:"4.9.1";s:7:"updated";s:19:"2017-11-14 02:06:55";s:12:"english_name";s:19:"English (Australia)";s:11:"native_name";s:19:"English (Australia)";s:7:"package";s:64:"https://downloads.wordpress.org/translation/core/4.9.1/en_AU.zip";s:3:"iso";a:3:{i:1;s:2:"en";i:2;s:3:"eng";i:3;s:3:"eng";}s:7:"strings";a:1:{s:8:"continue";s:8:"Continue";}}s:5:"en_CA";a:8:{s:8:"language";s:5:"en_CA";s:7:"version";s:5:"4.9.1";s:7:"updated";s:19:"2017-11-23 18:53:44";s:12:"english_name";s:16:"English (Canada)";s:11:"native_name";s:16:"English (Canada)";s:7:"package";s:64:"https://downloads.wordpress.org/translation/core/4.9.1/en_CA.zip";s:3:"iso";a:3:{i:1;s:2:"en";i:2;s:3:"eng";i:3;s:3:"eng";}s:7:"strings";a:1:{s:8:"continue";s:8:"Continue";}}s:5:"en_NZ";a:8:{s:8:"language";s:5:"en_NZ";s:7:"version";s:5:"4.9.1";s:7:"updated";s:19:"2017-11-24 22:15:20";s:12:"english_name";s:21:"English (New Zealand)";s:11:"native_name";s:21:"English (New Zealand)";s:7:"package";s:64:"https://downloads.wordpress.org/translation/core/4.9.1/en_NZ.zip";s:3:"iso";a:3:{i:1;s:2:"en";i:2;s:3:"eng";i:3;s:3:"eng";}s:7:"strings";a:1:{s:8:"continue";s:8:"Continue";}}s:5:"en_ZA";a:8:{s:8:"language";s:5:"en_ZA";s:7:"version";s:5:"4.9.1";s:7:"updated";s:19:"2017-11-15 09:54:30";s:12:"english_name";s:22:"English (South Africa)";s:11:"native_name";s:22:"English (South Africa)";s:7:"package";s:64:"https://downloads.wordpress.org/translation/core/4.9.1/en_ZA.zip";s:3:"iso";a:3:{i:1;s:2:"en";i:2;s:3:"eng";i:3;s:3:"eng";}s:7:"strings";a:1:{s:8:"continue";s:8:"Continue";}}s:5:"en_GB";a:8:{s:8:"language";s:5:"en_GB";s:7:"version";s:5:"4.9.1";s:7:"updated";s:19:"2017-11-15 14:51:39";s:12:"english_name";s:12:"English (UK)";s:11:"native_name";s:12:"English (UK)";s:7:"package";s:64:"https://downloads.wordpress.org/translation/core/4.9.1/en_GB.zip";s:3:"iso";a:3:{i:1;s:2:"en";i:2;s:3:"eng";i:3;s:3:"eng";}s:7:"strings";a:1:{s:8:"continue";s:8:"Continue";}}s:2:"eo";a:8:{s:8:"language";s:2:"eo";s:7:"version";s:5:"4.9.1";s:7:"updated";s:19:"2017-11-14 01:23:37";s:12:"english_name";s:9:"Esperanto";s:11:"native_name";s:9:"Esperanto";s:7:"package";s:61:"https://downloads.wordpress.org/translation/core/4.9.1/eo.zip";s:3:"iso";a:2:{i:1;s:2:"eo";i:2;s:3:"epo";}s:7:"strings";a:1:{s:8:"continue";s:8:"Daŭrigi";}}s:5:"es_CO";a:8:{s:8:"language";s:5:"es_CO";s:7:"version";s:5:"4.9.1";s:7:"updated";s:19:"2017-11-15 23:17:08";s:12:"english_name";s:18:"Spanish (Colombia)";s:11:"native_name";s:20:"Español de Colombia";s:7:"package";s:64:"https://downloads.wordpress.org/translation/core/4.9.1/es_CO.zip";s:3:"iso";a:2:{i:1;s:2:"es";i:2;s:3:"spa";}s:7:"strings";a:1:{s:8:"continue";s:9:"Continuar";}}s:5:"es_AR";a:8:{s:8:"language";s:5:"es_AR";s:7:"version";s:5:"4.9.1";s:7:"updated";s:19:"2017-11-16 03:15:17";s:12:"english_name";s:19:"Spanish (Argentina)";s:11:"native_name";s:21:"Español de Argentina";s:7:"package";s:64:"https://downloads.wordpress.org/translation/core/4.9.1/es_AR.zip";s:3:"iso";a:2:{i:1;s:2:"es";i:2;s:3:"spa";}s:7:"strings";a:1:{s:8:"continue";s:9:"Continuar";}}s:5:"es_ES";a:8:{s:8:"language";s:5:"es_ES";s:7:"version";s:5:"4.9.1";s:7:"updated";s:19:"2017-11-28 20:17:28";s:12:"english_name";s:15:"Spanish (Spain)";s:11:"native_name";s:8:"Español";s:7:"package";s:64:"https://downloads.wordpress.org/translation/core/4.9.1/es_ES.zip";s:3:"iso";a:1:{i:1;s:2:"es";}s:7:"strings";a:1:{s:8:"continue";s:9:"Continuar";}}s:5:"es_GT";a:8:{s:8:"language";s:5:"es_GT";s:7:"version";s:5:"4.9.1";s:7:"updated";s:19:"2017-11-15 15:03:42";s:12:"english_name";s:19:"Spanish (Guatemala)";s:11:"native_name";s:21:"Español de Guatemala";s:7:"package";s:64:"https://downloads.wordpress.org/translation/core/4.9.1/es_GT.zip";s:3:"iso";a:2:{i:1;s:2:"es";i:2;s:3:"spa";}s:7:"strings";a:1:{s:8:"continue";s:9:"Continuar";}}s:5:"es_VE";a:8:{s:8:"language";s:5:"es_VE";s:7:"version";s:5:"4.8.3";s:7:"updated";s:19:"2017-07-30 16:09:17";s:12:"english_name";s:19:"Spanish (Venezuela)";s:11:"native_name";s:21:"Español de Venezuela";s:7:"package";s:64:"https://downloads.wordpress.org/translation/core/4.8.3/es_VE.zip";s:3:"iso";a:2:{i:1;s:2:"es";i:2;s:3:"spa";}s:7:"strings";a:1:{s:8:"continue";s:9:"Continuar";}}s:5:"es_MX";a:8:{s:8:"language";s:5:"es_MX";s:7:"version";s:5:"4.8.3";s:7:"updated";s:19:"2017-07-31 15:12:02";s:12:"english_name";s:16:"Spanish (Mexico)";s:11:"native_name";s:19:"Español de México";s:7:"package";s:64:"https://downloads.wordpress.org/translation/core/4.8.3/es_MX.zip";s:3:"iso";a:2:{i:1;s:2:"es";i:2;s:3:"spa";}s:7:"strings";a:1:{s:8:"continue";s:9:"Continuar";}}s:5:"es_CR";a:8:{s:8:"language";s:5:"es_CR";s:7:"version";s:5:"4.8.3";s:7:"updated";s:19:"2017-10-01 17:54:52";s:12:"english_name";s:20:"Spanish (Costa Rica)";s:11:"native_name";s:8:"Español";s:7:"package";s:64:"https://downloads.wordpress.org/translation/core/4.8.3/es_CR.zip";s:3:"iso";a:2:{i:1;s:2:"es";i:2;s:3:"spa";}s:7:"strings";a:1:{s:8:"continue";s:9:"Continuar";}}s:5:"es_CL";a:8:{s:8:"language";s:5:"es_CL";s:7:"version";s:5:"4.7.2";s:7:"updated";s:19:"2016-11-28 20:09:49";s:12:"english_name";s:15:"Spanish (Chile)";s:11:"native_name";s:17:"Español de Chile";s:7:"package";s:64:"https://downloads.wordpress.org/translation/core/4.7.2/es_CL.zip";s:3:"iso";a:2:{i:1;s:2:"es";i:2;s:3:"spa";}s:7:"strings";a:1:{s:8:"continue";s:9:"Continuar";}}s:5:"es_PE";a:8:{s:8:"language";s:5:"es_PE";s:7:"version";s:5:"4.7.2";s:7:"updated";s:19:"2016-09-09 09:36:22";s:12:"english_name";s:14:"Spanish (Peru)";s:11:"native_name";s:17:"Español de Perú";s:7:"package";s:64:"https://downloads.wordpress.org/translation/core/4.7.2/es_PE.zip";s:3:"iso";a:2:{i:1;s:2:"es";i:2;s:3:"spa";}s:7:"strings";a:1:{s:8:"continue";s:9:"Continuar";}}s:2:"et";a:8:{s:8:"language";s:2:"et";s:7:"version";s:5:"4.9.1";s:7:"updated";s:19:"2017-11-19 14:11:29";s:12:"english_name";s:8:"Estonian";s:11:"native_name";s:5:"Eesti";s:7:"package";s:61:"https://downloads.wordpress.org/translation/core/4.9.1/et.zip";s:3:"iso";a:2:{i:1;s:2:"et";i:2;s:3:"est";}s:7:"strings";a:1:{s:8:"continue";s:6:"Jätka";}}s:2:"eu";a:8:{s:8:"language";s:2:"eu";s:7:"version";s:5:"4.9.1";s:7:"updated";s:19:"2017-11-16 15:30:44";s:12:"english_name";s:6:"Basque";s:11:"native_name";s:7:"Euskara";s:7:"package";s:61:"https://downloads.wordpress.org/translation/core/4.9.1/eu.zip";s:3:"iso";a:2:{i:1;s:2:"eu";i:2;s:3:"eus";}s:7:"strings";a:1:{s:8:"continue";s:8:"Jarraitu";}}s:5:"fa_IR";a:8:{s:8:"language";s:5:"fa_IR";s:7:"version";s:3:"4.8";s:7:"updated";s:19:"2017-06-09 15:50:45";s:12:"english_name";s:7:"Persian";s:11:"native_name";s:10:"فارسی";s:7:"package";s:62:"https://downloads.wordpress.org/translation/core/4.8/fa_IR.zip";s:3:"iso";a:2:{i:1;s:2:"fa";i:2;s:3:"fas";}s:7:"strings";a:1:{s:8:"continue";s:10:"ادامه";}}s:2:"fi";a:8:{s:8:"language";s:2:"fi";s:7:"version";s:5:"4.9.1";s:7:"updated";s:19:"2017-11-15 09:48:14";s:12:"english_name";s:7:"Finnish";s:11:"native_name";s:5:"Suomi";s:7:"package";s:61:"https://downloads.wordpress.org/translation/core/4.9.1/fi.zip";s:3:"iso";a:2:{i:1;s:2:"fi";i:2;s:3:"fin";}s:7:"strings";a:1:{s:8:"continue";s:5:"Jatka";}}s:5:"fr_CA";a:8:{s:8:"language";s:5:"fr_CA";s:7:"version";s:5:"4.9.1";s:7:"updated";s:19:"2017-11-19 23:55:33";s:12:"english_name";s:15:"French (Canada)";s:11:"native_name";s:19:"Français du Canada";s:7:"package";s:64:"https://downloads.wordpress.org/translation/core/4.9.1/fr_CA.zip";s:3:"iso";a:2:{i:1;s:2:"fr";i:2;s:3:"fra";}s:7:"strings";a:1:{s:8:"continue";s:9:"Continuer";}}s:5:"fr_BE";a:8:{s:8:"language";s:5:"fr_BE";s:7:"version";s:5:"4.9.1";s:7:"updated";s:19:"2017-11-15 21:50:23";s:12:"english_name";s:16:"French (Belgium)";s:11:"native_name";s:21:"Français de Belgique";s:7:"package";s:64:"https://downloads.wordpress.org/translation/core/4.9.1/fr_BE.zip";s:3:"iso";a:2:{i:1;s:2:"fr";i:2;s:3:"fra";}s:7:"strings";a:1:{s:8:"continue";s:9:"Continuer";}}s:5:"fr_FR";a:8:{s:8:"language";s:5:"fr_FR";s:7:"version";s:5:"4.9.1";s:7:"updated";s:19:"2017-12-05 11:28:54";s:12:"english_name";s:15:"French (France)";s:11:"native_name";s:9:"Français";s:7:"package";s:64:"https://downloads.wordpress.org/translation/core/4.9.1/fr_FR.zip";s:3:"iso";a:1:{i:1;s:2:"fr";}s:7:"strings";a:1:{s:8:"continue";s:9:"Continuer";}}s:2:"gd";a:8:{s:8:"language";s:2:"gd";s:7:"version";s:5:"4.7.2";s:7:"updated";s:19:"2016-08-23 17:41:37";s:12:"english_name";s:15:"Scottish Gaelic";s:11:"native_name";s:9:"Gàidhlig";s:7:"package";s:61:"https://downloads.wordpress.org/translation/core/4.7.2/gd.zip";s:3:"iso";a:3:{i:1;s:2:"gd";i:2;s:3:"gla";i:3;s:3:"gla";}s:7:"strings";a:1:{s:8:"continue";s:15:"Lean air adhart";}}s:5:"gl_ES";a:8:{s:8:"language";s:5:"gl_ES";s:7:"version";s:5:"4.9.1";s:7:"updated";s:19:"2017-11-16 10:40:05";s:12:"english_name";s:8:"Galician";s:11:"native_name";s:6:"Galego";s:7:"package";s:64:"https://downloads.wordpress.org/translation/core/4.9.1/gl_ES.zip";s:3:"iso";a:2:{i:1;s:2:"gl";i:2;s:3:"glg";}s:7:"strings";a:1:{s:8:"continue";s:9:"Continuar";}}s:2:"gu";a:8:{s:8:"language";s:2:"gu";s:7:"version";s:5:"4.9.1";s:7:"updated";s:19:"2017-11-16 11:06:53";s:12:"english_name";s:8:"Gujarati";s:11:"native_name";s:21:"ગુજરાતી";s:7:"package";s:61:"https://downloads.wordpress.org/translation/core/4.9.1/gu.zip";s:3:"iso";a:2:{i:1;s:2:"gu";i:2;s:3:"guj";}s:7:"strings";a:1:{s:8:"continue";s:31:"ચાલુ રાખવું";}}s:3:"haz";a:8:{s:8:"language";s:3:"haz";s:7:"version";s:5:"4.4.2";s:7:"updated";s:19:"2015-12-05 00:59:09";s:12:"english_name";s:8:"Hazaragi";s:11:"native_name";s:15:"هزاره گی";s:7:"package";s:62:"https://downloads.wordpress.org/translation/core/4.4.2/haz.zip";s:3:"iso";a:1:{i:3;s:3:"haz";}s:7:"strings";a:1:{s:8:"continue";s:10:"ادامه";}}s:5:"he_IL";a:8:{s:8:"language";s:5:"he_IL";s:7:"version";s:5:"4.9.1";s:7:"updated";s:19:"2017-12-06 13:23:01";s:12:"english_name";s:6:"Hebrew";s:11:"native_name";s:16:"עִבְרִית";s:7:"package";s:64:"https://downloads.wordpress.org/translation/core/4.9.1/he_IL.zip";s:3:"iso";a:1:{i:1;s:2:"he";}s:7:"strings";a:1:{s:8:"continue";s:12:"להמשיך";}}s:5:"hi_IN";a:8:{s:8:"language";s:5:"hi_IN";s:7:"version";s:5:"4.9.1";s:7:"updated";s:19:"2017-12-02 23:26:33";s:12:"english_name";s:5:"Hindi";s:11:"native_name";s:18:"हिन्दी";s:7:"package";s:64:"https://downloads.wordpress.org/translation/core/4.9.1/hi_IN.zip";s:3:"iso";a:2:{i:1;s:2:"hi";i:2;s:3:"hin";}s:7:"strings";a:1:{s:8:"continue";s:12:"जारी";}}s:2:"hr";a:8:{s:8:"language";s:2:"hr";s:7:"version";s:5:"4.9.1";s:7:"updated";s:19:"2017-11-14 13:03:07";s:12:"english_name";s:8:"Croatian";s:11:"native_name";s:8:"Hrvatski";s:7:"package";s:61:"https://downloads.wordpress.org/translation/core/4.9.1/hr.zip";s:3:"iso";a:2:{i:1;s:2:"hr";i:2;s:3:"hrv";}s:7:"strings";a:1:{s:8:"continue";s:7:"Nastavi";}}s:5:"hu_HU";a:8:{s:8:"language";s:5:"hu_HU";s:7:"version";s:5:"4.7.2";s:7:"updated";s:19:"2017-01-26 15:48:39";s:12:"english_name";s:9:"Hungarian";s:11:"native_name";s:6:"Magyar";s:7:"package";s:64:"https://downloads.wordpress.org/translation/core/4.7.2/hu_HU.zip";s:3:"iso";a:2:{i:1;s:2:"hu";i:2;s:3:"hun";}s:7:"strings";a:1:{s:8:"continue";s:7:"Tovább";}}s:2:"hy";a:8:{s:8:"language";s:2:"hy";s:7:"version";s:5:"4.7.2";s:7:"updated";s:19:"2016-12-03 16:21:10";s:12:"english_name";s:8:"Armenian";s:11:"native_name";s:14:"Հայերեն";s:7:"package";s:61:"https://downloads.wordpress.org/translation/core/4.7.2/hy.zip";s:3:"iso";a:2:{i:1;s:2:"hy";i:2;s:3:"hye";}s:7:"strings";a:1:{s:8:"continue";s:20:"Շարունակել";}}s:5:"id_ID";a:8:{s:8:"language";s:5:"id_ID";s:7:"version";s:5:"4.9.1";s:7:"updated";s:19:"2017-11-14 11:09:49";s:12:"english_name";s:10:"Indonesian";s:11:"native_name";s:16:"Bahasa Indonesia";s:7:"package";s:64:"https://downloads.wordpress.org/translation/core/4.9.1/id_ID.zip";s:3:"iso";a:2:{i:1;s:2:"id";i:2;s:3:"ind";}s:7:"strings";a:1:{s:8:"continue";s:9:"Lanjutkan";}}s:5:"is_IS";a:8:{s:8:"language";s:5:"is_IS";s:7:"version";s:5:"4.7.7";s:7:"updated";s:19:"2017-04-13 13:55:54";s:12:"english_name";s:9:"Icelandic";s:11:"native_name";s:9:"Íslenska";s:7:"package";s:64:"https://downloads.wordpress.org/translation/core/4.7.7/is_IS.zip";s:3:"iso";a:2:{i:1;s:2:"is";i:2;s:3:"isl";}s:7:"strings";a:1:{s:8:"continue";s:6:"Áfram";}}s:5:"it_IT";a:8:{s:8:"language";s:5:"it_IT";s:7:"version";s:5:"4.9.1";s:7:"updated";s:19:"2017-12-01 20:28:53";s:12:"english_name";s:7:"Italian";s:11:"native_name";s:8:"Italiano";s:7:"package";s:64:"https://downloads.wordpress.org/translation/core/4.9.1/it_IT.zip";s:3:"iso";a:2:{i:1;s:2:"it";i:2;s:3:"ita";}s:7:"strings";a:1:{s:8:"continue";s:8:"Continua";}}s:2:"ja";a:8:{s:8:"language";s:2:"ja";s:7:"version";s:5:"4.9.1";s:7:"updated";s:19:"2017-11-17 09:56:44";s:12:"english_name";s:8:"Japanese";s:11:"native_name";s:9:"日本語";s:7:"package";s:61:"https://downloads.wordpress.org/translation/core/4.9.1/ja.zip";s:3:"iso";a:1:{i:1;s:2:"ja";}s:7:"strings";a:1:{s:8:"continue";s:9:"続ける";}}s:5:"jv_ID";a:8:{s:8:"language";s:5:"jv_ID";s:7:"version";s:5:"4.9.1";s:7:"updated";s:19:"2017-11-14 11:47:57";s:12:"english_name";s:8:"Javanese";s:11:"native_name";s:9:"Basa Jawa";s:7:"package";s:64:"https://downloads.wordpress.org/translation/core/4.9.1/jv_ID.zip";s:3:"iso";a:2:{i:1;s:2:"jv";i:2;s:3:"jav";}s:7:"strings";a:1:{s:8:"continue";s:7:"Nutugne";}}s:5:"ka_GE";a:8:{s:8:"language";s:5:"ka_GE";s:7:"version";s:5:"4.8.3";s:7:"updated";s:19:"2017-10-09 06:06:41";s:12:"english_name";s:8:"Georgian";s:11:"native_name";s:21:"ქართული";s:7:"package";s:64:"https://downloads.wordpress.org/translation/core/4.8.3/ka_GE.zip";s:3:"iso";a:2:{i:1;s:2:"ka";i:2;s:3:"kat";}s:7:"strings";a:1:{s:8:"continue";s:30:"გაგრძელება";}}s:3:"kab";a:8:{s:8:"language";s:3:"kab";s:7:"version";s:5:"4.8.3";s:7:"updated";s:19:"2017-08-22 15:33:00";s:12:"english_name";s:6:"Kabyle";s:11:"native_name";s:9:"Taqbaylit";s:7:"package";s:62:"https://downloads.wordpress.org/translation/core/4.8.3/kab.zip";s:3:"iso";a:2:{i:2;s:3:"kab";i:3;s:3:"kab";}s:7:"strings";a:1:{s:8:"continue";s:9:"Continuer";}}s:2:"km";a:8:{s:8:"language";s:2:"km";s:7:"version";s:5:"4.7.2";s:7:"updated";s:19:"2016-12-07 02:07:59";s:12:"english_name";s:5:"Khmer";s:11:"native_name";s:27:"ភាសាខ្មែរ";s:7:"package";s:61:"https://downloads.wordpress.org/translation/core/4.7.2/km.zip";s:3:"iso";a:2:{i:1;s:2:"km";i:2;s:3:"khm";}s:7:"strings";a:1:{s:8:"continue";s:12:"បន្ត";}}s:5:"ko_KR";a:8:{s:8:"language";s:5:"ko_KR";s:7:"version";s:5:"4.9.1";s:7:"updated";s:19:"2017-12-04 01:44:20";s:12:"english_name";s:6:"Korean";s:11:"native_name";s:9:"한국어";s:7:"package";s:64:"https://downloads.wordpress.org/translation/core/4.9.1/ko_KR.zip";s:3:"iso";a:2:{i:1;s:2:"ko";i:2;s:3:"kor";}s:7:"strings";a:1:{s:8:"continue";s:6:"계속";}}s:3:"ckb";a:8:{s:8:"language";s:3:"ckb";s:7:"version";s:5:"4.7.2";s:7:"updated";s:19:"2017-01-26 15:48:25";s:12:"english_name";s:16:"Kurdish (Sorani)";s:11:"native_name";s:13:"كوردی‎";s:7:"package";s:62:"https://downloads.wordpress.org/translation/core/4.7.2/ckb.zip";s:3:"iso";a:2:{i:1;s:2:"ku";i:3;s:3:"ckb";}s:7:"strings";a:1:{s:8:"continue";s:30:"به‌رده‌وام به‌";}}s:2:"lo";a:8:{s:8:"language";s:2:"lo";s:7:"version";s:5:"4.7.2";s:7:"updated";s:19:"2016-11-12 09:59:23";s:12:"english_name";s:3:"Lao";s:11:"native_name";s:21:"ພາສາລາວ";s:7:"package";s:61:"https://downloads.wordpress.org/translation/core/4.7.2/lo.zip";s:3:"iso";a:2:{i:1;s:2:"lo";i:2;s:3:"lao";}s:7:"strings";a:1:{s:8:"continue";s:9:"ຕໍ່";}}s:5:"lt_LT";a:8:{s:8:"language";s:5:"lt_LT";s:7:"version";s:5:"4.9.1";s:7:"updated";s:19:"2017-11-15 19:40:23";s:12:"english_name";s:10:"Lithuanian";s:11:"native_name";s:15:"Lietuvių kalba";s:7:"package";s:64:"https://downloads.wordpress.org/translation/core/4.9.1/lt_LT.zip";s:3:"iso";a:2:{i:1;s:2:"lt";i:2;s:3:"lit";}s:7:"strings";a:1:{s:8:"continue";s:6:"Tęsti";}}s:2:"lv";a:8:{s:8:"language";s:2:"lv";s:7:"version";s:5:"4.7.7";s:7:"updated";s:19:"2017-03-17 20:40:40";s:12:"english_name";s:7:"Latvian";s:11:"native_name";s:16:"Latviešu valoda";s:7:"package";s:61:"https://downloads.wordpress.org/translation/core/4.7.7/lv.zip";s:3:"iso";a:2:{i:1;s:2:"lv";i:2;s:3:"lav";}s:7:"strings";a:1:{s:8:"continue";s:9:"Turpināt";}}s:5:"mk_MK";a:8:{s:8:"language";s:5:"mk_MK";s:7:"version";s:5:"4.7.7";s:7:"updated";s:19:"2017-01-26 15:54:41";s:12:"english_name";s:10:"Macedonian";s:11:"native_name";s:31:"Македонски јазик";s:7:"package";s:64:"https://downloads.wordpress.org/translation/core/4.7.7/mk_MK.zip";s:3:"iso";a:2:{i:1;s:2:"mk";i:2;s:3:"mkd";}s:7:"strings";a:1:{s:8:"continue";s:16:"Продолжи";}}s:5:"ml_IN";a:8:{s:8:"language";s:5:"ml_IN";s:7:"version";s:5:"4.7.2";s:7:"updated";s:19:"2017-01-27 03:43:32";s:12:"english_name";s:9:"Malayalam";s:11:"native_name";s:18:"മലയാളം";s:7:"package";s:64:"https://downloads.wordpress.org/translation/core/4.7.2/ml_IN.zip";s:3:"iso";a:2:{i:1;s:2:"ml";i:2;s:3:"mal";}s:7:"strings";a:1:{s:8:"continue";s:18:"തുടരുക";}}s:2:"mn";a:8:{s:8:"language";s:2:"mn";s:7:"version";s:5:"4.7.2";s:7:"updated";s:19:"2017-01-12 07:29:35";s:12:"english_name";s:9:"Mongolian";s:11:"native_name";s:12:"Монгол";s:7:"package";s:61:"https://downloads.wordpress.org/translation/core/4.7.2/mn.zip";s:3:"iso";a:2:{i:1;s:2:"mn";i:2;s:3:"mon";}s:7:"strings";a:1:{s:8:"continue";s:24:"Үргэлжлүүлэх";}}s:2:"mr";a:8:{s:8:"language";s:2:"mr";s:7:"version";s:5:"4.8.3";s:7:"updated";s:19:"2017-09-30 06:25:41";s:12:"english_name";s:7:"Marathi";s:11:"native_name";s:15:"मराठी";s:7:"package";s:61:"https://downloads.wordpress.org/translation/core/4.8.3/mr.zip";s:3:"iso";a:2:{i:1;s:2:"mr";i:2;s:3:"mar";}s:7:"strings";a:1:{s:8:"continue";s:25:"सुरु ठेवा";}}s:5:"ms_MY";a:8:{s:8:"language";s:5:"ms_MY";s:7:"version";s:5:"4.9.1";s:7:"updated";s:19:"2017-11-24 13:47:31";s:12:"english_name";s:5:"Malay";s:11:"native_name";s:13:"Bahasa Melayu";s:7:"package";s:64:"https://downloads.wordpress.org/translation/core/4.9.1/ms_MY.zip";s:3:"iso";a:2:{i:1;s:2:"ms";i:2;s:3:"msa";}s:7:"strings";a:1:{s:8:"continue";s:8:"Teruskan";}}s:5:"my_MM";a:8:{s:8:"language";s:5:"my_MM";s:7:"version";s:6:"4.1.20";s:7:"updated";s:19:"2015-03-26 15:57:42";s:12:"english_name";s:17:"Myanmar (Burmese)";s:11:"native_name";s:15:"ဗမာစာ";s:7:"package";s:65:"https://downloads.wordpress.org/translation/core/4.1.20/my_MM.zip";s:3:"iso";a:2:{i:1;s:2:"my";i:2;s:3:"mya";}s:7:"strings";a:1:{s:8:"continue";s:54:"ဆက်လက်လုပ်ေဆာင်ပါ။";}}s:5:"nb_NO";a:8:{s:8:"language";s:5:"nb_NO";s:7:"version";s:5:"4.9.1";s:7:"updated";s:19:"2017-11-17 19:14:57";s:12:"english_name";s:19:"Norwegian (Bokmål)";s:11:"native_name";s:13:"Norsk bokmål";s:7:"package";s:64:"https://downloads.wordpress.org/translation/core/4.9.1/nb_NO.zip";s:3:"iso";a:2:{i:1;s:2:"nb";i:2;s:3:"nob";}s:7:"strings";a:1:{s:8:"continue";s:8:"Fortsett";}}s:5:"ne_NP";a:8:{s:8:"language";s:5:"ne_NP";s:7:"version";s:5:"4.8.3";s:7:"updated";s:19:"2017-10-05 06:45:20";s:12:"english_name";s:6:"Nepali";s:11:"native_name";s:18:"नेपाली";s:7:"package";s:64:"https://downloads.wordpress.org/translation/core/4.8.3/ne_NP.zip";s:3:"iso";a:2:{i:1;s:2:"ne";i:2;s:3:"nep";}s:7:"strings";a:1:{s:8:"continue";s:31:"जारीराख्नु ";}}s:12:"nl_NL_formal";a:8:{s:8:"language";s:12:"nl_NL_formal";s:7:"version";s:5:"4.9.1";s:7:"updated";s:19:"2017-11-16 15:44:47";s:12:"english_name";s:14:"Dutch (Formal)";s:11:"native_name";s:20:"Nederlands (Formeel)";s:7:"package";s:71:"https://downloads.wordpress.org/translation/core/4.9.1/nl_NL_formal.zip";s:3:"iso";a:2:{i:1;s:2:"nl";i:2;s:3:"nld";}s:7:"strings";a:1:{s:8:"continue";s:8:"Doorgaan";}}s:5:"nl_NL";a:8:{s:8:"language";s:5:"nl_NL";s:7:"version";s:5:"4.9.1";s:7:"updated";s:19:"2017-11-25 10:53:17";s:12:"english_name";s:5:"Dutch";s:11:"native_name";s:10:"Nederlands";s:7:"package";s:64:"https://downloads.wordpress.org/translation/core/4.9.1/nl_NL.zip";s:3:"iso";a:2:{i:1;s:2:"nl";i:2;s:3:"nld";}s:7:"strings";a:1:{s:8:"continue";s:8:"Doorgaan";}}s:5:"nl_BE";a:8:{s:8:"language";s:5:"nl_BE";s:7:"version";s:5:"4.9.1";s:7:"updated";s:19:"2017-12-06 06:13:30";s:12:"english_name";s:15:"Dutch (Belgium)";s:11:"native_name";s:20:"Nederlands (België)";s:7:"package";s:64:"https://downloads.wordpress.org/translation/core/4.9.1/nl_BE.zip";s:3:"iso";a:2:{i:1;s:2:"nl";i:2;s:3:"nld";}s:7:"strings";a:1:{s:8:"continue";s:8:"Doorgaan";}}s:5:"nn_NO";a:8:{s:8:"language";s:5:"nn_NO";s:7:"version";s:5:"4.8.3";s:7:"updated";s:19:"2017-09-25 10:02:16";s:12:"english_name";s:19:"Norwegian (Nynorsk)";s:11:"native_name";s:13:"Norsk nynorsk";s:7:"package";s:64:"https://downloads.wordpress.org/translation/core/4.8.3/nn_NO.zip";s:3:"iso";a:2:{i:1;s:2:"nn";i:2;s:3:"nno";}s:7:"strings";a:1:{s:8:"continue";s:9:"Hald fram";}}s:3:"oci";a:8:{s:8:"language";s:3:"oci";s:7:"version";s:5:"4.8.3";s:7:"updated";s:19:"2017-08-25 10:03:08";s:12:"english_name";s:7:"Occitan";s:11:"native_name";s:7:"Occitan";s:7:"package";s:62:"https://downloads.wordpress.org/translation/core/4.8.3/oci.zip";s:3:"iso";a:2:{i:1;s:2:"oc";i:2;s:3:"oci";}s:7:"strings";a:1:{s:8:"continue";s:9:"Contunhar";}}s:5:"pa_IN";a:8:{s:8:"language";s:5:"pa_IN";s:7:"version";s:5:"4.7.2";s:7:"updated";s:19:"2017-01-16 05:19:43";s:12:"english_name";s:7:"Punjabi";s:11:"native_name";s:18:"ਪੰਜਾਬੀ";s:7:"package";s:64:"https://downloads.wordpress.org/translation/core/4.7.2/pa_IN.zip";s:3:"iso";a:2:{i:1;s:2:"pa";i:2;s:3:"pan";}s:7:"strings";a:1:{s:8:"continue";s:25:"ਜਾਰੀ ਰੱਖੋ";}}s:5:"pl_PL";a:8:{s:8:"language";s:5:"pl_PL";s:7:"version";s:5:"4.9.1";s:7:"updated";s:19:"2017-11-28 19:24:26";s:12:"english_name";s:6:"Polish";s:11:"native_name";s:6:"Polski";s:7:"package";s:64:"https://downloads.wordpress.org/translation/core/4.9.1/pl_PL.zip";s:3:"iso";a:2:{i:1;s:2:"pl";i:2;s:3:"pol";}s:7:"strings";a:1:{s:8:"continue";s:9:"Kontynuuj";}}s:2:"ps";a:8:{s:8:"language";s:2:"ps";s:7:"version";s:6:"4.1.20";s:7:"updated";s:19:"2015-03-29 22:19:48";s:12:"english_name";s:6:"Pashto";s:11:"native_name";s:8:"پښتو";s:7:"package";s:62:"https://downloads.wordpress.org/translation/core/4.1.20/ps.zip";s:3:"iso";a:2:{i:1;s:2:"ps";i:2;s:3:"pus";}s:7:"strings";a:1:{s:8:"continue";s:8:"دوام";}}s:5:"pt_BR";a:8:{s:8:"language";s:5:"pt_BR";s:7:"version";s:5:"4.9.1";s:7:"updated";s:19:"2017-11-14 20:53:34";s:12:"english_name";s:19:"Portuguese (Brazil)";s:11:"native_name";s:20:"Português do Brasil";s:7:"package";s:64:"https://downloads.wordpress.org/translation/core/4.9.1/pt_BR.zip";s:3:"iso";a:2:{i:1;s:2:"pt";i:2;s:3:"por";}s:7:"strings";a:1:{s:8:"continue";s:9:"Continuar";}}s:10:"pt_PT_ao90";a:8:{s:8:"language";s:10:"pt_PT_ao90";s:7:"version";s:5:"4.8.3";s:7:"updated";s:19:"2017-09-29 08:57:23";s:12:"english_name";s:27:"Portuguese (Portugal, AO90)";s:11:"native_name";s:17:"Português (AO90)";s:7:"package";s:69:"https://downloads.wordpress.org/translation/core/4.8.3/pt_PT_ao90.zip";s:3:"iso";a:1:{i:1;s:2:"pt";}s:7:"strings";a:1:{s:8:"continue";s:9:"Continuar";}}s:5:"pt_PT";a:8:{s:8:"language";s:5:"pt_PT";s:7:"version";s:5:"4.9.1";s:7:"updated";s:19:"2017-12-05 21:25:09";s:12:"english_name";s:21:"Portuguese (Portugal)";s:11:"native_name";s:10:"Português";s:7:"package";s:64:"https://downloads.wordpress.org/translation/core/4.9.1/pt_PT.zip";s:3:"iso";a:1:{i:1;s:2:"pt";}s:7:"strings";a:1:{s:8:"continue";s:9:"Continuar";}}s:3:"rhg";a:8:{s:8:"language";s:3:"rhg";s:7:"version";s:5:"4.7.2";s:7:"updated";s:19:"2016-03-16 13:03:18";s:12:"english_name";s:8:"Rohingya";s:11:"native_name";s:8:"Ruáinga";s:7:"package";s:62:"https://downloads.wordpress.org/translation/core/4.7.2/rhg.zip";s:3:"iso";a:1:{i:3;s:3:"rhg";}s:7:"strings";a:1:{s:8:"continue";s:0:"";}}s:5:"ro_RO";a:8:{s:8:"language";s:5:"ro_RO";s:7:"version";s:5:"4.9.1";s:7:"updated";s:19:"2017-11-30 17:17:30";s:12:"english_name";s:8:"Romanian";s:11:"native_name";s:8:"Română";s:7:"package";s:64:"https://downloads.wordpress.org/translation/core/4.9.1/ro_RO.zip";s:3:"iso";a:2:{i:1;s:2:"ro";i:2;s:3:"ron";}s:7:"strings";a:1:{s:8:"continue";s:9:"Continuă";}}s:5:"ru_RU";a:8:{s:8:"language";s:5:"ru_RU";s:7:"version";s:5:"4.9.1";s:7:"updated";s:19:"2017-11-29 17:32:14";s:12:"english_name";s:7:"Russian";s:11:"native_name";s:14:"Русский";s:7:"package";s:64:"https://downloads.wordpress.org/translation/core/4.9.1/ru_RU.zip";s:3:"iso";a:2:{i:1;s:2:"ru";i:2;s:3:"rus";}s:7:"strings";a:1:{s:8:"continue";s:20:"Продолжить";}}s:3:"sah";a:8:{s:8:"language";s:3:"sah";s:7:"version";s:5:"4.7.2";s:7:"updated";s:19:"2017-01-21 02:06:41";s:12:"english_name";s:5:"Sakha";s:11:"native_name";s:14:"Сахалыы";s:7:"package";s:62:"https://downloads.wordpress.org/translation/core/4.7.2/sah.zip";s:3:"iso";a:2:{i:2;s:3:"sah";i:3;s:3:"sah";}s:7:"strings";a:1:{s:8:"continue";s:12:"Салҕаа";}}s:5:"si_LK";a:8:{s:8:"language";s:5:"si_LK";s:7:"version";s:5:"4.7.2";s:7:"updated";s:19:"2016-11-12 06:00:52";s:12:"english_name";s:7:"Sinhala";s:11:"native_name";s:15:"සිංහල";s:7:"package";s:64:"https://downloads.wordpress.org/translation/core/4.7.2/si_LK.zip";s:3:"iso";a:2:{i:1;s:2:"si";i:2;s:3:"sin";}s:7:"strings";a:1:{s:8:"continue";s:44:"දිගටම කරගෙන යන්න";}}s:5:"sk_SK";a:8:{s:8:"language";s:5:"sk_SK";s:7:"version";s:5:"4.9.1";s:7:"updated";s:19:"2017-11-23 16:41:14";s:12:"english_name";s:6:"Slovak";s:11:"native_name";s:11:"Slovenčina";s:7:"package";s:64:"https://downloads.wordpress.org/translation/core/4.9.1/sk_SK.zip";s:3:"iso";a:2:{i:1;s:2:"sk";i:2;s:3:"slk";}s:7:"strings";a:1:{s:8:"continue";s:12:"Pokračovať";}}s:5:"sl_SI";a:8:{s:8:"language";s:5:"sl_SI";s:7:"version";s:5:"4.9.1";s:7:"updated";s:19:"2017-11-16 18:38:56";s:12:"english_name";s:9:"Slovenian";s:11:"native_name";s:13:"Slovenščina";s:7:"package";s:64:"https://downloads.wordpress.org/translation/core/4.9.1/sl_SI.zip";s:3:"iso";a:2:{i:1;s:2:"sl";i:2;s:3:"slv";}s:7:"strings";a:1:{s:8:"continue";s:10:"Nadaljujte";}}s:2:"sq";a:8:{s:8:"language";s:2:"sq";s:7:"version";s:5:"4.9.1";s:7:"updated";s:19:"2017-11-30 17:20:03";s:12:"english_name";s:8:"Albanian";s:11:"native_name";s:5:"Shqip";s:7:"package";s:61:"https://downloads.wordpress.org/translation/core/4.9.1/sq.zip";s:3:"iso";a:2:{i:1;s:2:"sq";i:2;s:3:"sqi";}s:7:"strings";a:1:{s:8:"continue";s:6:"Vazhdo";}}s:5:"sr_RS";a:8:{s:8:"language";s:5:"sr_RS";s:7:"version";s:5:"4.9.1";s:7:"updated";s:19:"2017-11-15 23:19:48";s:12:"english_name";s:7:"Serbian";s:11:"native_name";s:23:"Српски језик";s:7:"package";s:64:"https://downloads.wordpress.org/translation/core/4.9.1/sr_RS.zip";s:3:"iso";a:2:{i:1;s:2:"sr";i:2;s:3:"srp";}s:7:"strings";a:1:{s:8:"continue";s:14:"Настави";}}s:5:"sv_SE";a:8:{s:8:"language";s:5:"sv_SE";s:7:"version";s:5:"4.9.1";s:7:"updated";s:19:"2017-12-06 10:38:27";s:12:"english_name";s:7:"Swedish";s:11:"native_name";s:7:"Svenska";s:7:"package";s:64:"https://downloads.wordpress.org/translation/core/4.9.1/sv_SE.zip";s:3:"iso";a:2:{i:1;s:2:"sv";i:2;s:3:"swe";}s:7:"strings";a:1:{s:8:"continue";s:9:"Fortsätt";}}s:3:"szl";a:8:{s:8:"language";s:3:"szl";s:7:"version";s:5:"4.7.2";s:7:"updated";s:19:"2016-09-24 19:58:14";s:12:"english_name";s:8:"Silesian";s:11:"native_name";s:17:"Ślōnskŏ gŏdka";s:7:"package";s:62:"https://downloads.wordpress.org/translation/core/4.7.2/szl.zip";s:3:"iso";a:1:{i:3;s:3:"szl";}s:7:"strings";a:1:{s:8:"continue";s:13:"Kōntynuować";}}s:5:"ta_IN";a:8:{s:8:"language";s:5:"ta_IN";s:7:"version";s:5:"4.7.2";s:7:"updated";s:19:"2017-01-27 03:22:47";s:12:"english_name";s:5:"Tamil";s:11:"native_name";s:15:"தமிழ்";s:7:"package";s:64:"https://downloads.wordpress.org/translation/core/4.7.2/ta_IN.zip";s:3:"iso";a:2:{i:1;s:2:"ta";i:2;s:3:"tam";}s:7:"strings";a:1:{s:8:"continue";s:24:"தொடரவும்";}}s:2:"te";a:8:{s:8:"language";s:2:"te";s:7:"version";s:5:"4.7.2";s:7:"updated";s:19:"2017-01-26 15:47:39";s:12:"english_name";s:6:"Telugu";s:11:"native_name";s:18:"తెలుగు";s:7:"package";s:61:"https://downloads.wordpress.org/translation/core/4.7.2/te.zip";s:3:"iso";a:2:{i:1;s:2:"te";i:2;s:3:"tel";}s:7:"strings";a:1:{s:8:"continue";s:30:"కొనసాగించు";}}s:2:"th";a:8:{s:8:"language";s:2:"th";s:7:"version";s:5:"4.8.3";s:7:"updated";s:19:"2017-10-07 02:08:56";s:12:"english_name";s:4:"Thai";s:11:"native_name";s:9:"ไทย";s:7:"package";s:61:"https://downloads.wordpress.org/translation/core/4.8.3/th.zip";s:3:"iso";a:2:{i:1;s:2:"th";i:2;s:3:"tha";}s:7:"strings";a:1:{s:8:"continue";s:15:"ต่อไป";}}s:2:"tl";a:8:{s:8:"language";s:2:"tl";s:7:"version";s:5:"4.7.2";s:7:"updated";s:19:"2016-12-30 02:38:08";s:12:"english_name";s:7:"Tagalog";s:11:"native_name";s:7:"Tagalog";s:7:"package";s:61:"https://downloads.wordpress.org/translation/core/4.7.2/tl.zip";s:3:"iso";a:2:{i:1;s:2:"tl";i:2;s:3:"tgl";}s:7:"strings";a:1:{s:8:"continue";s:10:"Magpatuloy";}}s:5:"tr_TR";a:8:{s:8:"language";s:5:"tr_TR";s:7:"version";s:5:"4.9.1";s:7:"updated";s:19:"2017-11-20 16:20:13";s:12:"english_name";s:7:"Turkish";s:11:"native_name";s:8:"Türkçe";s:7:"package";s:64:"https://downloads.wordpress.org/translation/core/4.9.1/tr_TR.zip";s:3:"iso";a:2:{i:1;s:2:"tr";i:2;s:3:"tur";}s:7:"strings";a:1:{s:8:"continue";s:5:"Devam";}}s:5:"tt_RU";a:8:{s:8:"language";s:5:"tt_RU";s:7:"version";s:5:"4.7.2";s:7:"updated";s:19:"2016-11-20 20:20:50";s:12:"english_name";s:5:"Tatar";s:11:"native_name";s:19:"Татар теле";s:7:"package";s:64:"https://downloads.wordpress.org/translation/core/4.7.2/tt_RU.zip";s:3:"iso";a:2:{i:1;s:2:"tt";i:2;s:3:"tat";}s:7:"strings";a:1:{s:8:"continue";s:17:"дәвам итү";}}s:3:"tah";a:8:{s:8:"language";s:3:"tah";s:7:"version";s:5:"4.7.2";s:7:"updated";s:19:"2016-03-06 18:39:39";s:12:"english_name";s:8:"Tahitian";s:11:"native_name";s:10:"Reo Tahiti";s:7:"package";s:62:"https://downloads.wordpress.org/translation/core/4.7.2/tah.zip";s:3:"iso";a:3:{i:1;s:2:"ty";i:2;s:3:"tah";i:3;s:3:"tah";}s:7:"strings";a:1:{s:8:"continue";s:0:"";}}s:5:"ug_CN";a:8:{s:8:"language";s:5:"ug_CN";s:7:"version";s:5:"4.7.2";s:7:"updated";s:19:"2016-12-05 09:23:39";s:12:"english_name";s:6:"Uighur";s:11:"native_name";s:9:"Uyƣurqə";s:7:"package";s:64:"https://downloads.wordpress.org/translation/core/4.7.2/ug_CN.zip";s:3:"iso";a:2:{i:1;s:2:"ug";i:2;s:3:"uig";}s:7:"strings";a:1:{s:8:"continue";s:26:"داۋاملاشتۇرۇش";}}s:2:"uk";a:8:{s:8:"language";s:2:"uk";s:7:"version";s:5:"4.8.3";s:7:"updated";s:19:"2017-11-02 17:05:02";s:12:"english_name";s:9:"Ukrainian";s:11:"native_name";s:20:"Українська";s:7:"package";s:61:"https://downloads.wordpress.org/translation/core/4.8.3/uk.zip";s:3:"iso";a:2:{i:1;s:2:"uk";i:2;s:3:"ukr";}s:7:"strings";a:1:{s:8:"continue";s:20:"Продовжити";}}s:2:"ur";a:8:{s:8:"language";s:2:"ur";s:7:"version";s:5:"4.9.1";s:7:"updated";s:19:"2017-11-28 06:50:00";s:12:"english_name";s:4:"Urdu";s:11:"native_name";s:8:"اردو";s:7:"package";s:61:"https://downloads.wordpress.org/translation/core/4.9.1/ur.zip";s:3:"iso";a:2:{i:1;s:2:"ur";i:2;s:3:"urd";}s:7:"strings";a:1:{s:8:"continue";s:19:"جاری رکھیں";}}s:5:"uz_UZ";a:8:{s:8:"language";s:5:"uz_UZ";s:7:"version";s:5:"4.8.3";s:7:"updated";s:19:"2017-10-15 05:40:58";s:12:"english_name";s:5:"Uzbek";s:11:"native_name";s:11:"O‘zbekcha";s:7:"package";s:64:"https://downloads.wordpress.org/translation/core/4.8.3/uz_UZ.zip";s:3:"iso";a:2:{i:1;s:2:"uz";i:2;s:3:"uzb";}s:7:"strings";a:1:{s:8:"continue";s:20:"Продолжить";}}s:2:"vi";a:8:{s:8:"language";s:2:"vi";s:7:"version";s:5:"4.9.1";s:7:"updated";s:19:"2017-11-15 10:43:28";s:12:"english_name";s:10:"Vietnamese";s:11:"native_name";s:14:"Tiếng Việt";s:7:"package";s:61:"https://downloads.wordpress.org/translation/core/4.9.1/vi.zip";s:3:"iso";a:2:{i:1;s:2:"vi";i:2;s:3:"vie";}s:7:"strings";a:1:{s:8:"continue";s:12:"Tiếp tục";}}s:5:"zh_HK";a:8:{s:8:"language";s:5:"zh_HK";s:7:"version";s:5:"4.9.1";s:7:"updated";s:19:"2017-11-25 02:37:10";s:12:"english_name";s:19:"Chinese (Hong Kong)";s:11:"native_name";s:16:"香港中文版	";s:7:"package";s:64:"https://downloads.wordpress.org/translation/core/4.9.1/zh_HK.zip";s:3:"iso";a:2:{i:1;s:2:"zh";i:2;s:3:"zho";}s:7:"strings";a:1:{s:8:"continue";s:6:"繼續";}}s:5:"zh_TW";a:8:{s:8:"language";s:5:"zh_TW";s:7:"version";s:5:"4.9.1";s:7:"updated";s:19:"2017-12-02 09:46:12";s:12:"english_name";s:16:"Chinese (Taiwan)";s:11:"native_name";s:12:"繁體中文";s:7:"package";s:64:"https://downloads.wordpress.org/translation/core/4.9.1/zh_TW.zip";s:3:"iso";a:2:{i:1;s:2:"zh";i:2;s:3:"zho";}s:7:"strings";a:1:{s:8:"continue";s:6:"繼續";}}s:5:"zh_CN";a:8:{s:8:"language";s:5:"zh_CN";s:7:"version";s:5:"4.9.1";s:7:"updated";s:19:"2017-11-17 22:20:52";s:12:"english_name";s:15:"Chinese (China)";s:11:"native_name";s:12:"简体中文";s:7:"package";s:64:"https://downloads.wordpress.org/translation/core/4.9.1/zh_CN.zip";s:3:"iso";a:2:{i:1;s:2:"zh";i:2;s:3:"zho";}s:7:"strings";a:1:{s:8:"continue";s:6:"继续";}}}', 'no'),
(358, '_transient_timeout_plugin_slugs', '1512679788', 'no'),
(359, '_transient_plugin_slugs', 'a:3:{i:0;s:49:"advanced-database-cleaner/advanced-db-cleaner.php";i:1;s:19:"akismet/akismet.php";i:2;s:9:"hello.php";}', 'no'),
(360, 'recently_activated', 'a:0:{}', 'yes'),
(361, '_site_transient_timeout_poptags_40cd750bba9870f18aada2478b24840a', '1512604139', 'no');
INSERT INTO `wp_laavoptions` (`option_id`, `option_name`, `option_value`, `autoload`) VALUES
(362, '_site_transient_poptags_40cd750bba9870f18aada2478b24840a', 'O:8:"stdClass":100:{s:6:"widget";a:3:{s:4:"name";s:6:"widget";s:4:"slug";s:6:"widget";s:5:"count";i:4406;}s:4:"post";a:3:{s:4:"name";s:4:"post";s:4:"slug";s:4:"post";s:5:"count";i:2518;}s:11:"woocommerce";a:3:{s:4:"name";s:11:"woocommerce";s:4:"slug";s:11:"woocommerce";s:5:"count";i:2456;}s:5:"admin";a:3:{s:4:"name";s:5:"admin";s:4:"slug";s:5:"admin";s:5:"count";i:2380;}s:5:"posts";a:3:{s:4:"name";s:5:"posts";s:4:"slug";s:5:"posts";s:5:"count";i:1846;}s:8:"comments";a:3:{s:4:"name";s:8:"comments";s:4:"slug";s:8:"comments";s:5:"count";i:1616;}s:9:"shortcode";a:3:{s:4:"name";s:9:"shortcode";s:4:"slug";s:9:"shortcode";s:5:"count";i:1610;}s:7:"twitter";a:3:{s:4:"name";s:7:"twitter";s:4:"slug";s:7:"twitter";s:5:"count";i:1439;}s:6:"google";a:3:{s:4:"name";s:6:"google";s:4:"slug";s:6:"google";s:5:"count";i:1367;}s:6:"images";a:3:{s:4:"name";s:6:"images";s:4:"slug";s:6:"images";s:5:"count";i:1366;}s:8:"facebook";a:3:{s:4:"name";s:8:"facebook";s:4:"slug";s:8:"facebook";s:5:"count";i:1351;}s:5:"image";a:3:{s:4:"name";s:5:"image";s:4:"slug";s:5:"image";s:5:"count";i:1281;}s:7:"sidebar";a:3:{s:4:"name";s:7:"sidebar";s:4:"slug";s:7:"sidebar";s:5:"count";i:1279;}s:3:"seo";a:3:{s:4:"name";s:3:"seo";s:4:"slug";s:3:"seo";s:5:"count";i:1161;}s:7:"gallery";a:3:{s:4:"name";s:7:"gallery";s:4:"slug";s:7:"gallery";s:5:"count";i:1071;}s:4:"page";a:3:{s:4:"name";s:4:"page";s:4:"slug";s:4:"page";s:5:"count";i:1055;}s:6:"social";a:3:{s:4:"name";s:6:"social";s:4:"slug";s:6:"social";s:5:"count";i:1004;}s:5:"email";a:3:{s:4:"name";s:5:"email";s:4:"slug";s:5:"email";s:5:"count";i:968;}s:9:"ecommerce";a:3:{s:4:"name";s:9:"ecommerce";s:4:"slug";s:9:"ecommerce";s:5:"count";i:840;}s:5:"login";a:3:{s:4:"name";s:5:"login";s:4:"slug";s:5:"login";s:5:"count";i:837;}s:5:"links";a:3:{s:4:"name";s:5:"links";s:4:"slug";s:5:"links";s:5:"count";i:817;}s:7:"widgets";a:3:{s:4:"name";s:7:"widgets";s:4:"slug";s:7:"widgets";s:5:"count";i:783;}s:5:"video";a:3:{s:4:"name";s:5:"video";s:4:"slug";s:5:"video";s:5:"count";i:775;}s:7:"content";a:3:{s:4:"name";s:7:"content";s:4:"slug";s:7:"content";s:5:"count";i:681;}s:3:"rss";a:3:{s:4:"name";s:3:"rss";s:4:"slug";s:3:"rss";s:5:"count";i:675;}s:8:"security";a:3:{s:4:"name";s:8:"security";s:4:"slug";s:8:"security";s:5:"count";i:670;}s:10:"buddypress";a:3:{s:4:"name";s:10:"buddypress";s:4:"slug";s:10:"buddypress";s:5:"count";i:670;}s:4:"spam";a:3:{s:4:"name";s:4:"spam";s:4:"slug";s:4:"spam";s:5:"count";i:662;}s:5:"pages";a:3:{s:4:"name";s:5:"pages";s:4:"slug";s:5:"pages";s:5:"count";i:650;}s:6:"jquery";a:3:{s:4:"name";s:6:"jquery";s:4:"slug";s:6:"jquery";s:5:"count";i:640;}s:6:"slider";a:3:{s:4:"name";s:6:"slider";s:4:"slug";s:6:"slider";s:5:"count";i:638;}s:5:"media";a:3:{s:4:"name";s:5:"media";s:4:"slug";s:5:"media";s:5:"count";i:618;}s:9:"analytics";a:3:{s:4:"name";s:9:"analytics";s:4:"slug";s:9:"analytics";s:5:"count";i:616;}s:4:"feed";a:3:{s:4:"name";s:4:"feed";s:4:"slug";s:4:"feed";s:5:"count";i:600;}s:4:"ajax";a:3:{s:4:"name";s:4:"ajax";s:4:"slug";s:4:"ajax";s:5:"count";i:592;}s:10:"e-commerce";a:3:{s:4:"name";s:10:"e-commerce";s:4:"slug";s:10:"e-commerce";s:5:"count";i:590;}s:6:"search";a:3:{s:4:"name";s:6:"search";s:4:"slug";s:6:"search";s:5:"count";i:588;}s:8:"category";a:3:{s:4:"name";s:8:"category";s:4:"slug";s:8:"category";s:5:"count";i:583;}s:4:"menu";a:3:{s:4:"name";s:4:"menu";s:4:"slug";s:4:"menu";s:5:"count";i:572;}s:4:"form";a:3:{s:4:"name";s:4:"form";s:4:"slug";s:4:"form";s:5:"count";i:570;}s:5:"embed";a:3:{s:4:"name";s:5:"embed";s:4:"slug";s:5:"embed";s:5:"count";i:550;}s:10:"javascript";a:3:{s:4:"name";s:10:"javascript";s:4:"slug";s:10:"javascript";s:5:"count";i:541;}s:4:"link";a:3:{s:4:"name";s:4:"link";s:4:"slug";s:4:"link";s:5:"count";i:529;}s:3:"css";a:3:{s:4:"name";s:3:"css";s:4:"slug";s:3:"css";s:5:"count";i:526;}s:5:"share";a:3:{s:4:"name";s:5:"share";s:4:"slug";s:5:"share";s:5:"count";i:513;}s:7:"youtube";a:3:{s:4:"name";s:7:"youtube";s:4:"slug";s:7:"youtube";s:5:"count";i:504;}s:7:"comment";a:3:{s:4:"name";s:7:"comment";s:4:"slug";s:7:"comment";s:5:"count";i:504;}s:5:"theme";a:3:{s:4:"name";s:5:"theme";s:4:"slug";s:5:"theme";s:5:"count";i:495;}s:10:"responsive";a:3:{s:4:"name";s:10:"responsive";s:4:"slug";s:10:"responsive";s:5:"count";i:485;}s:6:"custom";a:3:{s:4:"name";s:6:"custom";s:4:"slug";s:6:"custom";s:5:"count";i:480;}s:9:"dashboard";a:3:{s:4:"name";s:9:"dashboard";s:4:"slug";s:9:"dashboard";s:5:"count";i:480;}s:10:"categories";a:3:{s:4:"name";s:10:"categories";s:4:"slug";s:10:"categories";s:5:"count";i:475;}s:6:"editor";a:3:{s:4:"name";s:6:"editor";s:4:"slug";s:6:"editor";s:5:"count";i:459;}s:3:"ads";a:3:{s:4:"name";s:3:"ads";s:4:"slug";s:3:"ads";s:5:"count";i:457;}s:9:"affiliate";a:3:{s:4:"name";s:9:"affiliate";s:4:"slug";s:9:"affiliate";s:5:"count";i:456;}s:6:"button";a:3:{s:4:"name";s:6:"button";s:4:"slug";s:6:"button";s:5:"count";i:452;}s:12:"contact-form";a:3:{s:4:"name";s:12:"contact form";s:4:"slug";s:12:"contact-form";s:5:"count";i:449;}s:4:"tags";a:3:{s:4:"name";s:4:"tags";s:4:"slug";s:4:"tags";s:5:"count";i:446;}s:4:"user";a:3:{s:4:"name";s:4:"user";s:4:"slug";s:4:"user";s:5:"count";i:429;}s:7:"contact";a:3:{s:4:"name";s:7:"contact";s:4:"slug";s:7:"contact";s:5:"count";i:416;}s:5:"photo";a:3:{s:4:"name";s:5:"photo";s:4:"slug";s:5:"photo";s:5:"count";i:416;}s:6:"mobile";a:3:{s:4:"name";s:6:"mobile";s:4:"slug";s:6:"mobile";s:5:"count";i:415;}s:5:"stats";a:3:{s:4:"name";s:5:"stats";s:4:"slug";s:5:"stats";s:5:"count";i:410;}s:5:"users";a:3:{s:4:"name";s:5:"users";s:4:"slug";s:5:"users";s:5:"count";i:410;}s:9:"slideshow";a:3:{s:4:"name";s:9:"slideshow";s:4:"slug";s:9:"slideshow";s:5:"count";i:407;}s:6:"photos";a:3:{s:4:"name";s:6:"photos";s:4:"slug";s:6:"photos";s:5:"count";i:401;}s:3:"api";a:3:{s:4:"name";s:3:"api";s:4:"slug";s:3:"api";s:5:"count";i:398;}s:6:"events";a:3:{s:4:"name";s:6:"events";s:4:"slug";s:6:"events";s:5:"count";i:389;}s:10:"statistics";a:3:{s:4:"name";s:10:"statistics";s:4:"slug";s:10:"statistics";s:5:"count";i:385;}s:10:"navigation";a:3:{s:4:"name";s:10:"navigation";s:4:"slug";s:10:"navigation";s:5:"count";i:378;}s:4:"news";a:3:{s:4:"name";s:4:"news";s:4:"slug";s:4:"news";s:5:"count";i:358;}s:7:"payment";a:3:{s:4:"name";s:7:"payment";s:4:"slug";s:7:"payment";s:5:"count";i:351;}s:8:"calendar";a:3:{s:4:"name";s:8:"calendar";s:4:"slug";s:8:"calendar";s:5:"count";i:350;}s:10:"shortcodes";a:3:{s:4:"name";s:10:"shortcodes";s:4:"slug";s:10:"shortcodes";s:5:"count";i:345;}s:12:"social-media";a:3:{s:4:"name";s:12:"social media";s:4:"slug";s:12:"social-media";s:5:"count";i:337;}s:5:"popup";a:3:{s:4:"name";s:5:"popup";s:4:"slug";s:5:"popup";s:5:"count";i:337;}s:9:"multisite";a:3:{s:4:"name";s:9:"multisite";s:4:"slug";s:9:"multisite";s:5:"count";i:336;}s:7:"plugins";a:3:{s:4:"name";s:7:"plugins";s:4:"slug";s:7:"plugins";s:5:"count";i:332;}s:4:"code";a:3:{s:4:"name";s:4:"code";s:4:"slug";s:4:"code";s:5:"count";i:331;}s:10:"newsletter";a:3:{s:4:"name";s:10:"newsletter";s:4:"slug";s:10:"newsletter";s:5:"count";i:330;}s:4:"list";a:3:{s:4:"name";s:4:"list";s:4:"slug";s:4:"list";s:5:"count";i:328;}s:4:"meta";a:3:{s:4:"name";s:4:"meta";s:4:"slug";s:4:"meta";s:5:"count";i:325;}s:3:"url";a:3:{s:4:"name";s:3:"url";s:4:"slug";s:3:"url";s:5:"count";i:324;}s:9:"marketing";a:3:{s:4:"name";s:9:"marketing";s:4:"slug";s:9:"marketing";s:5:"count";i:321;}s:4:"chat";a:3:{s:4:"name";s:4:"chat";s:4:"slug";s:4:"chat";s:5:"count";i:315;}s:8:"redirect";a:3:{s:4:"name";s:8:"redirect";s:4:"slug";s:8:"redirect";s:5:"count";i:306;}s:15:"payment-gateway";a:3:{s:4:"name";s:15:"payment gateway";s:4:"slug";s:15:"payment-gateway";s:5:"count";i:304;}s:6:"simple";a:3:{s:4:"name";s:6:"simple";s:4:"slug";s:6:"simple";s:5:"count";i:300;}s:3:"tag";a:3:{s:4:"name";s:3:"tag";s:4:"slug";s:3:"tag";s:5:"count";i:299;}s:5:"forms";a:3:{s:4:"name";s:5:"forms";s:4:"slug";s:5:"forms";s:5:"count";i:298;}s:16:"custom-post-type";a:3:{s:4:"name";s:16:"custom post type";s:4:"slug";s:16:"custom-post-type";s:5:"count";i:297;}s:11:"advertising";a:3:{s:4:"name";s:11:"advertising";s:4:"slug";s:11:"advertising";s:5:"count";i:291;}s:4:"html";a:3:{s:4:"name";s:4:"html";s:4:"slug";s:4:"html";s:5:"count";i:288;}s:7:"adsense";a:3:{s:4:"name";s:7:"adsense";s:4:"slug";s:7:"adsense";s:5:"count";i:287;}s:6:"author";a:3:{s:4:"name";s:6:"author";s:4:"slug";s:6:"author";s:5:"count";i:286;}s:8:"tracking";a:3:{s:4:"name";s:8:"tracking";s:4:"slug";s:8:"tracking";s:5:"count";i:282;}s:8:"lightbox";a:3:{s:4:"name";s:8:"lightbox";s:4:"slug";s:8:"lightbox";s:5:"count";i:281;}s:7:"tinymce";a:3:{s:4:"name";s:7:"tinyMCE";s:4:"slug";s:7:"tinymce";s:5:"count";i:278;}s:16:"google-analytics";a:3:{s:4:"name";s:16:"google analytics";s:4:"slug";s:16:"google-analytics";s:5:"count";i:278;}s:12:"notification";a:3:{s:4:"name";s:12:"notification";s:4:"slug";s:12:"notification";s:5:"count";i:277;}}', 'no'),
(364, '_site_transient_update_plugins', 'O:8:"stdClass":4:{s:12:"last_checked";i:1512593627;s:8:"response";a:1:{s:19:"akismet/akismet.php";O:8:"stdClass":11:{s:2:"id";s:21:"w.org/plugins/akismet";s:4:"slug";s:7:"akismet";s:6:"plugin";s:19:"akismet/akismet.php";s:11:"new_version";s:5:"4.0.1";s:3:"url";s:38:"https://wordpress.org/plugins/akismet/";s:7:"package";s:56:"https://downloads.wordpress.org/plugin/akismet.4.0.1.zip";s:5:"icons";a:3:{s:2:"1x";s:59:"https://ps.w.org/akismet/assets/icon-128x128.png?rev=969272";s:2:"2x";s:59:"https://ps.w.org/akismet/assets/icon-256x256.png?rev=969272";s:7:"default";s:59:"https://ps.w.org/akismet/assets/icon-256x256.png?rev=969272";}s:7:"banners";a:2:{s:2:"1x";s:61:"https://ps.w.org/akismet/assets/banner-772x250.jpg?rev=479904";s:7:"default";s:61:"https://ps.w.org/akismet/assets/banner-772x250.jpg?rev=479904";}s:11:"banners_rtl";a:0:{}s:6:"tested";s:5:"4.9.1";s:13:"compatibility";O:8:"stdClass":0:{}}}s:12:"translations";a:0:{}s:9:"no_update";a:2:{s:49:"advanced-database-cleaner/advanced-db-cleaner.php";O:8:"stdClass":9:{s:2:"id";s:39:"w.org/plugins/advanced-database-cleaner";s:4:"slug";s:25:"advanced-database-cleaner";s:6:"plugin";s:49:"advanced-database-cleaner/advanced-db-cleaner.php";s:11:"new_version";s:5:"2.0.0";s:3:"url";s:56:"https://wordpress.org/plugins/advanced-database-cleaner/";s:7:"package";s:74:"https://downloads.wordpress.org/plugin/advanced-database-cleaner.2.0.0.zip";s:5:"icons";a:3:{s:2:"1x";s:78:"https://ps.w.org/advanced-database-cleaner/assets/icon-128x128.png?rev=1306117";s:2:"2x";s:78:"https://ps.w.org/advanced-database-cleaner/assets/icon-256x256.png?rev=1306117";s:7:"default";s:78:"https://ps.w.org/advanced-database-cleaner/assets/icon-256x256.png?rev=1306117";}s:7:"banners";a:2:{s:2:"1x";s:80:"https://ps.w.org/advanced-database-cleaner/assets/banner-772x250.png?rev=1630620";s:7:"default";s:80:"https://ps.w.org/advanced-database-cleaner/assets/banner-772x250.png?rev=1630620";}s:11:"banners_rtl";a:0:{}}s:9:"hello.php";O:8:"stdClass":9:{s:2:"id";s:25:"w.org/plugins/hello-dolly";s:4:"slug";s:11:"hello-dolly";s:6:"plugin";s:9:"hello.php";s:11:"new_version";s:3:"1.6";s:3:"url";s:42:"https://wordpress.org/plugins/hello-dolly/";s:7:"package";s:58:"https://downloads.wordpress.org/plugin/hello-dolly.1.6.zip";s:5:"icons";a:3:{s:2:"1x";s:63:"https://ps.w.org/hello-dolly/assets/icon-128x128.jpg?rev=969907";s:2:"2x";s:63:"https://ps.w.org/hello-dolly/assets/icon-256x256.jpg?rev=969907";s:7:"default";s:63:"https://ps.w.org/hello-dolly/assets/icon-256x256.jpg?rev=969907";}s:7:"banners";a:2:{s:2:"1x";s:65:"https://ps.w.org/hello-dolly/assets/banner-772x250.png?rev=478342";s:7:"default";s:65:"https://ps.w.org/hello-dolly/assets/banner-772x250.png?rev=478342";}s:11:"banners_rtl";a:0:{}}}}', 'no'),
(365, 'aDBc_settings', 'a:3:{s:9:"left_menu";s:1:"1";s:12:"top_main_msg";s:1:"1";s:22:"tables_cleanup_warning";s:1:"1";}', 'yes'),
(369, '_site_transient_update_themes', 'O:8:"stdClass":4:{s:12:"last_checked";i:1512593628;s:7:"checked";a:2:{s:15:"Laav-Architects";s:11:"0.1.3 alpha";s:15:"twentyseventeen";s:3:"1.4";}s:8:"response";a:0:{}s:12:"translations";a:0:{}}', 'no'),
(378, '_site_transient_timeout_theme_roots', '1512598341', 'no'),
(379, '_site_transient_theme_roots', 'a:2:{s:15:"Laav-Architects";s:7:"/themes";s:15:"twentyseventeen";s:7:"/themes";}', 'no'),
(386, '_site_transient_timeout_browser_48562a4dfa8cee70094a4ce150008565', '1513202789', 'no'),
(387, '_site_transient_browser_48562a4dfa8cee70094a4ce150008565', 'a:10:{s:4:"name";s:6:"Chrome";s:7:"version";s:12:"62.0.3202.94";s:8:"platform";s:9:"Macintosh";s:10:"update_url";s:29:"https://www.google.com/chrome";s:7:"img_src";s:43:"http://s.w.org/images/browsers/chrome.png?1";s:11:"img_src_ssl";s:44:"https://s.w.org/images/browsers/chrome.png?1";s:15:"current_version";s:2:"18";s:7:"upgrade";b:0;s:8:"insecure";b:0;s:6:"mobile";b:0;}', 'no');

-- --------------------------------------------------------

--
-- Table structure for table `wp_laavpostmeta`
--

CREATE TABLE IF NOT EXISTS `wp_laavpostmeta` (
  `meta_id` bigint(20) unsigned NOT NULL AUTO_INCREMENT,
  `post_id` bigint(20) unsigned NOT NULL DEFAULT '0',
  `meta_key` varchar(255) COLLATE utf8mb4_unicode_ci DEFAULT NULL,
  `meta_value` longtext COLLATE utf8mb4_unicode_ci,
  PRIMARY KEY (`meta_id`),
  KEY `post_id` (`post_id`),
  KEY `meta_key` (`meta_key`(191))
) ENGINE=InnoDB  DEFAULT CHARSET=utf8mb4 COLLATE=utf8mb4_unicode_ci AUTO_INCREMENT=646 ;

--
-- Dumping data for table `wp_laavpostmeta`
--

INSERT INTO `wp_laavpostmeta` (`meta_id`, `post_id`, `meta_key`, `meta_value`) VALUES
(23, 14, '_wp_attached_file', '2017/11/LAAV-white-e1512077442833.png'),
(24, 14, '_wp_attachment_metadata', 'a:5:{s:5:"width";i:150;s:6:"height";i:76;s:4:"file";s:37:"2017/11/LAAV-white-e1512077442833.png";s:5:"sizes";a:0:{}s:10:"image_meta";a:12:{s:8:"aperture";s:1:"0";s:6:"credit";s:0:"";s:6:"camera";s:0:"";s:7:"caption";s:0:"";s:17:"created_timestamp";s:1:"0";s:9:"copyright";s:0:"";s:12:"focal_length";s:1:"0";s:3:"iso";s:1:"0";s:13:"shutter_speed";s:1:"0";s:5:"title";s:0:"";s:11:"orientation";s:1:"0";s:8:"keywords";a:0:{}}}'),
(31, 19, '_wp_attached_file', '2017/11/cropped-LAAV-white.png'),
(32, 19, '_wp_attachment_context', 'site-icon'),
(33, 19, '_wp_attachment_metadata', 'a:5:{s:5:"width";i:512;s:6:"height";i:512;s:4:"file";s:30:"2017/11/cropped-LAAV-white.png";s:5:"sizes";a:6:{s:9:"thumbnail";a:4:{s:4:"file";s:30:"cropped-LAAV-white-150x150.png";s:5:"width";i:150;s:6:"height";i:150;s:9:"mime-type";s:9:"image/png";}s:6:"medium";a:4:{s:4:"file";s:30:"cropped-LAAV-white-300x300.png";s:5:"width";i:300;s:6:"height";i:300;s:9:"mime-type";s:9:"image/png";}s:13:"site_icon-270";a:4:{s:4:"file";s:30:"cropped-LAAV-white-270x270.png";s:5:"width";i:270;s:6:"height";i:270;s:9:"mime-type";s:9:"image/png";}s:13:"site_icon-192";a:4:{s:4:"file";s:30:"cropped-LAAV-white-192x192.png";s:5:"width";i:192;s:6:"height";i:192;s:9:"mime-type";s:9:"image/png";}s:13:"site_icon-180";a:4:{s:4:"file";s:30:"cropped-LAAV-white-180x180.png";s:5:"width";i:180;s:6:"height";i:180;s:9:"mime-type";s:9:"image/png";}s:12:"site_icon-32";a:4:{s:4:"file";s:28:"cropped-LAAV-white-32x32.png";s:5:"width";i:32;s:6:"height";i:32;s:9:"mime-type";s:9:"image/png";}}s:10:"image_meta";a:12:{s:8:"aperture";s:1:"0";s:6:"credit";s:0:"";s:6:"camera";s:0:"";s:7:"caption";s:0:"";s:17:"created_timestamp";s:1:"0";s:9:"copyright";s:0:"";s:12:"focal_length";s:1:"0";s:3:"iso";s:1:"0";s:13:"shutter_speed";s:1:"0";s:5:"title";s:0:"";s:11:"orientation";s:1:"0";s:8:"keywords";a:0:{}}}'),
(34, 22, '_wp_attached_file', '2017/11/cropped-LAAV-white-1.png'),
(35, 22, '_wp_attachment_context', 'custom-logo'),
(36, 22, '_wp_attachment_metadata', 'a:5:{s:5:"width";i:1000;s:6:"height";i:508;s:4:"file";s:32:"2017/11/cropped-LAAV-white-1.png";s:5:"sizes";a:3:{s:9:"thumbnail";a:4:{s:4:"file";s:32:"cropped-LAAV-white-1-150x150.png";s:5:"width";i:150;s:6:"height";i:150;s:9:"mime-type";s:9:"image/png";}s:6:"medium";a:4:{s:4:"file";s:32:"cropped-LAAV-white-1-300x152.png";s:5:"width";i:300;s:6:"height";i:152;s:9:"mime-type";s:9:"image/png";}s:12:"medium_large";a:4:{s:4:"file";s:32:"cropped-LAAV-white-1-768x390.png";s:5:"width";i:768;s:6:"height";i:390;s:9:"mime-type";s:9:"image/png";}}s:10:"image_meta";a:12:{s:8:"aperture";s:1:"0";s:6:"credit";s:0:"";s:6:"camera";s:0:"";s:7:"caption";s:0:"";s:17:"created_timestamp";s:1:"0";s:9:"copyright";s:0:"";s:12:"focal_length";s:1:"0";s:3:"iso";s:1:"0";s:13:"shutter_speed";s:1:"0";s:5:"title";s:0:"";s:11:"orientation";s:1:"0";s:8:"keywords";a:0:{}}}'),
(37, 24, '_wp_attached_file', '2017/11/cropped-LAAV-white-2.png'),
(38, 24, '_wp_attachment_context', 'custom-logo'),
(39, 24, '_wp_attachment_metadata', 'a:5:{s:5:"width";i:508;s:6:"height";i:508;s:4:"file";s:32:"2017/11/cropped-LAAV-white-2.png";s:5:"sizes";a:2:{s:9:"thumbnail";a:4:{s:4:"file";s:32:"cropped-LAAV-white-2-150x150.png";s:5:"width";i:150;s:6:"height";i:150;s:9:"mime-type";s:9:"image/png";}s:6:"medium";a:4:{s:4:"file";s:32:"cropped-LAAV-white-2-300x300.png";s:5:"width";i:300;s:6:"height";i:300;s:9:"mime-type";s:9:"image/png";}}s:10:"image_meta";a:12:{s:8:"aperture";s:1:"0";s:6:"credit";s:0:"";s:6:"camera";s:0:"";s:7:"caption";s:0:"";s:17:"created_timestamp";s:1:"0";s:9:"copyright";s:0:"";s:12:"focal_length";s:1:"0";s:3:"iso";s:1:"0";s:13:"shutter_speed";s:1:"0";s:5:"title";s:0:"";s:11:"orientation";s:1:"0";s:8:"keywords";a:0:{}}}'),
(40, 14, '_edit_lock', '1512077311:1'),
(41, 14, '_wp_attachment_backup_sizes', 'a:4:{s:9:"full-orig";a:3:{s:5:"width";i:1000;s:6:"height";i:508;s:4:"file";s:14:"LAAV-white.png";}s:18:"full-1512077421800";a:3:{s:5:"width";i:1000;s:6:"height";i:508;s:4:"file";s:29:"LAAV-white-e1512077414424.png";}s:18:"full-1512077424833";a:3:{s:5:"width";i:100;s:6:"height";i:51;s:4:"file";s:29:"LAAV-white-e1512077421800.png";}s:18:"full-1512077442833";a:3:{s:5:"width";i:150;s:6:"height";i:76;s:4:"file";s:29:"LAAV-white-e1512077432182.png";}}'),
(42, 14, '_edit_last', '1'),
(43, 24, '_edit_lock', '1512077340:1'),
(44, 25, '_wp_attached_file', '2017/11/cropped-LAAV-white-e1512077442833.png'),
(45, 25, '_wp_attachment_context', 'custom-logo'),
(46, 25, '_wp_attachment_metadata', 'a:5:{s:5:"width";i:150;s:6:"height";i:76;s:4:"file";s:45:"2017/11/cropped-LAAV-white-e1512077442833.png";s:5:"sizes";a:1:{s:9:"thumbnail";a:4:{s:4:"file";s:44:"cropped-LAAV-white-e1512077442833-150x76.png";s:5:"width";i:150;s:6:"height";i:76;s:9:"mime-type";s:9:"image/png";}}s:10:"image_meta";a:12:{s:8:"aperture";s:1:"0";s:6:"credit";s:0:"";s:6:"camera";s:0:"";s:7:"caption";s:0:"";s:17:"created_timestamp";s:1:"0";s:9:"copyright";s:0:"";s:12:"focal_length";s:1:"0";s:3:"iso";s:1:"0";s:13:"shutter_speed";s:1:"0";s:5:"title";s:0:"";s:11:"orientation";s:1:"0";s:8:"keywords";a:0:{}}}'),
(142, 1, '_edit_lock', '1512555852:1'),
(176, 58, '_edit_lock', '1512377239:1'),
(205, 82, '_edit_last', '1'),
(206, 82, '_edit_lock', '1512599520:1'),
(207, 83, '_wp_attached_file', '2017/12/40.png'),
(208, 83, '_wp_attachment_metadata', 'a:5:{s:5:"width";i:853;s:6:"height";i:570;s:4:"file";s:14:"2017/12/40.png";s:5:"sizes";a:4:{s:9:"thumbnail";a:4:{s:4:"file";s:14:"40-150x150.png";s:5:"width";i:150;s:6:"height";i:150;s:9:"mime-type";s:9:"image/png";}s:6:"medium";a:4:{s:4:"file";s:14:"40-300x200.png";s:5:"width";i:300;s:6:"height";i:200;s:9:"mime-type";s:9:"image/png";}s:12:"medium_large";a:4:{s:4:"file";s:14:"40-768x513.png";s:5:"width";i:768;s:6:"height";i:513;s:9:"mime-type";s:9:"image/png";}s:18:"Front-page-feature";a:4:{s:4:"file";s:14:"40-850x560.png";s:5:"width";i:850;s:6:"height";i:560;s:9:"mime-type";s:9:"image/png";}}s:10:"image_meta";a:12:{s:8:"aperture";s:1:"0";s:6:"credit";s:0:"";s:6:"camera";s:0:"";s:7:"caption";s:0:"";s:17:"created_timestamp";s:1:"0";s:9:"copyright";s:0:"";s:12:"focal_length";s:1:"0";s:3:"iso";s:1:"0";s:13:"shutter_speed";s:1:"0";s:5:"title";s:0:"";s:11:"orientation";s:1:"0";s:8:"keywords";a:0:{}}}'),
(209, 82, '_thumbnail_id', '83'),
(210, 84, '_edit_last', '1'),
(211, 84, '_edit_lock', '1512593089:1'),
(212, 85, '_wp_attached_file', '2017/12/39.png'),
(213, 85, '_wp_attachment_metadata', 'a:5:{s:5:"width";i:852;s:6:"height";i:568;s:4:"file";s:14:"2017/12/39.png";s:5:"sizes";a:4:{s:9:"thumbnail";a:4:{s:4:"file";s:14:"39-150x150.png";s:5:"width";i:150;s:6:"height";i:150;s:9:"mime-type";s:9:"image/png";}s:6:"medium";a:4:{s:4:"file";s:14:"39-300x200.png";s:5:"width";i:300;s:6:"height";i:200;s:9:"mime-type";s:9:"image/png";}s:12:"medium_large";a:4:{s:4:"file";s:14:"39-768x512.png";s:5:"width";i:768;s:6:"height";i:512;s:9:"mime-type";s:9:"image/png";}s:18:"Front-page-feature";a:4:{s:4:"file";s:14:"39-850x560.png";s:5:"width";i:850;s:6:"height";i:560;s:9:"mime-type";s:9:"image/png";}}s:10:"image_meta";a:12:{s:8:"aperture";s:1:"0";s:6:"credit";s:0:"";s:6:"camera";s:0:"";s:7:"caption";s:0:"";s:17:"created_timestamp";s:1:"0";s:9:"copyright";s:0:"";s:12:"focal_length";s:1:"0";s:3:"iso";s:1:"0";s:13:"shutter_speed";s:1:"0";s:5:"title";s:0:"";s:11:"orientation";s:1:"0";s:8:"keywords";a:0:{}}}'),
(214, 84, '_thumbnail_id', '85'),
(215, 86, '_edit_last', '1'),
(216, 86, '_edit_lock', '1512593085:1'),
(217, 87, '_wp_attached_file', '2017/12/38.png'),
(218, 87, '_wp_attachment_metadata', 'a:5:{s:5:"width";i:849;s:6:"height";i:569;s:4:"file";s:14:"2017/12/38.png";s:5:"sizes";a:4:{s:9:"thumbnail";a:4:{s:4:"file";s:14:"38-150x150.png";s:5:"width";i:150;s:6:"height";i:150;s:9:"mime-type";s:9:"image/png";}s:6:"medium";a:4:{s:4:"file";s:14:"38-300x201.png";s:5:"width";i:300;s:6:"height";i:201;s:9:"mime-type";s:9:"image/png";}s:12:"medium_large";a:4:{s:4:"file";s:14:"38-768x515.png";s:5:"width";i:768;s:6:"height";i:515;s:9:"mime-type";s:9:"image/png";}s:18:"Front-page-feature";a:4:{s:4:"file";s:14:"38-849x560.png";s:5:"width";i:849;s:6:"height";i:560;s:9:"mime-type";s:9:"image/png";}}s:10:"image_meta";a:12:{s:8:"aperture";s:1:"0";s:6:"credit";s:0:"";s:6:"camera";s:0:"";s:7:"caption";s:0:"";s:17:"created_timestamp";s:1:"0";s:9:"copyright";s:0:"";s:12:"focal_length";s:1:"0";s:3:"iso";s:1:"0";s:13:"shutter_speed";s:1:"0";s:5:"title";s:0:"";s:11:"orientation";s:1:"0";s:8:"keywords";a:0:{}}}'),
(219, 86, '_thumbnail_id', '87'),
(220, 88, '_edit_last', '1'),
(221, 88, '_edit_lock', '1512458967:1'),
(222, 89, '_wp_attached_file', '2017/12/37.png'),
(223, 89, '_wp_attachment_metadata', 'a:5:{s:5:"width";i:852;s:6:"height";i:569;s:4:"file";s:14:"2017/12/37.png";s:5:"sizes";a:4:{s:9:"thumbnail";a:4:{s:4:"file";s:14:"37-150x150.png";s:5:"width";i:150;s:6:"height";i:150;s:9:"mime-type";s:9:"image/png";}s:6:"medium";a:4:{s:4:"file";s:14:"37-300x200.png";s:5:"width";i:300;s:6:"height";i:200;s:9:"mime-type";s:9:"image/png";}s:12:"medium_large";a:4:{s:4:"file";s:14:"37-768x513.png";s:5:"width";i:768;s:6:"height";i:513;s:9:"mime-type";s:9:"image/png";}s:18:"Front-page-feature";a:4:{s:4:"file";s:14:"37-850x560.png";s:5:"width";i:850;s:6:"height";i:560;s:9:"mime-type";s:9:"image/png";}}s:10:"image_meta";a:12:{s:8:"aperture";s:1:"0";s:6:"credit";s:0:"";s:6:"camera";s:0:"";s:7:"caption";s:0:"";s:17:"created_timestamp";s:1:"0";s:9:"copyright";s:0:"";s:12:"focal_length";s:1:"0";s:3:"iso";s:1:"0";s:13:"shutter_speed";s:1:"0";s:5:"title";s:0:"";s:11:"orientation";s:1:"0";s:8:"keywords";a:0:{}}}'),
(224, 88, '_thumbnail_id', '89'),
(225, 90, '_edit_last', '1'),
(226, 90, '_edit_lock', '1512460404:1'),
(227, 91, '_wp_attached_file', '2017/12/36.png'),
(228, 91, '_wp_attachment_metadata', 'a:5:{s:5:"width";i:850;s:6:"height";i:569;s:4:"file";s:14:"2017/12/36.png";s:5:"sizes";a:4:{s:9:"thumbnail";a:4:{s:4:"file";s:14:"36-150x150.png";s:5:"width";i:150;s:6:"height";i:150;s:9:"mime-type";s:9:"image/png";}s:6:"medium";a:4:{s:4:"file";s:14:"36-300x201.png";s:5:"width";i:300;s:6:"height";i:201;s:9:"mime-type";s:9:"image/png";}s:12:"medium_large";a:4:{s:4:"file";s:14:"36-768x514.png";s:5:"width";i:768;s:6:"height";i:514;s:9:"mime-type";s:9:"image/png";}s:18:"Front-page-feature";a:4:{s:4:"file";s:14:"36-850x560.png";s:5:"width";i:850;s:6:"height";i:560;s:9:"mime-type";s:9:"image/png";}}s:10:"image_meta";a:12:{s:8:"aperture";s:1:"0";s:6:"credit";s:0:"";s:6:"camera";s:0:"";s:7:"caption";s:0:"";s:17:"created_timestamp";s:1:"0";s:9:"copyright";s:0:"";s:12:"focal_length";s:1:"0";s:3:"iso";s:1:"0";s:13:"shutter_speed";s:1:"0";s:5:"title";s:0:"";s:11:"orientation";s:1:"0";s:8:"keywords";a:0:{}}}'),
(229, 90, '_thumbnail_id', '91'),
(230, 92, '_wp_attached_file', '2017/12/LAAV-blue.png'),
(231, 92, '_wp_attachment_metadata', 'a:5:{s:5:"width";i:2518;s:6:"height";i:1323;s:4:"file";s:21:"2017/12/LAAV-blue.png";s:5:"sizes";a:0:{}s:10:"image_meta";a:12:{s:8:"aperture";s:1:"0";s:6:"credit";s:0:"";s:6:"camera";s:0:"";s:7:"caption";s:0:"";s:17:"created_timestamp";s:1:"0";s:9:"copyright";s:0:"";s:12:"focal_length";s:1:"0";s:3:"iso";s:1:"0";s:13:"shutter_speed";s:1:"0";s:5:"title";s:0:"";s:11:"orientation";s:1:"0";s:8:"keywords";a:0:{}}}'),
(232, 92, '_edit_lock', '1512460950:1'),
(233, 92, '_wp_attachment_backup_sizes', 'a:7:{s:9:"full-orig";a:3:{s:5:"width";i:2518;s:6:"height";i:1323;s:4:"file";s:13:"LAAV-blue.png";}s:18:"full-1512460911404";a:3:{s:5:"width";i:512;s:6:"height";i:269;s:4:"file";s:28:"LAAV-blue-e1512460853916.png";}s:18:"full-1512460942331";a:3:{s:5:"width";i:200;s:6:"height";i:105;s:4:"file";s:28:"LAAV-blue-e1512460911404.png";}s:18:"full-1512460981355";a:3:{s:5:"width";i:20;s:6:"height";i:11;s:4:"file";s:28:"LAAV-blue-e1512460942331.png";}s:18:"full-1512461009501";a:3:{s:5:"width";i:20;s:6:"height";i:11;s:4:"file";s:28:"LAAV-blue-e1512460981355.png";}s:18:"full-1512461032231";a:3:{s:5:"width";i:100;s:6:"height";i:53;s:4:"file";s:28:"LAAV-blue-e1512461013317.png";}s:18:"full-1512461080334";a:3:{s:5:"width";i:101;s:6:"height";i:53;s:4:"file";s:28:"LAAV-blue-e1512461049273.png";}}'),
(234, 92, '_edit_last', '1'),
(235, 93, '_wp_attached_file', '2017/12/cropped-LAAV-blue.png'),
(236, 93, '_wp_attachment_context', 'site-icon'),
(237, 93, '_wp_attachment_metadata', 'a:5:{s:5:"width";i:512;s:6:"height";i:512;s:4:"file";s:29:"2017/12/cropped-LAAV-blue.png";s:5:"sizes";a:6:{s:9:"thumbnail";a:4:{s:4:"file";s:29:"cropped-LAAV-blue-150x150.png";s:5:"width";i:150;s:6:"height";i:150;s:9:"mime-type";s:9:"image/png";}s:6:"medium";a:4:{s:4:"file";s:29:"cropped-LAAV-blue-300x300.png";s:5:"width";i:300;s:6:"height";i:300;s:9:"mime-type";s:9:"image/png";}s:13:"site_icon-270";a:4:{s:4:"file";s:29:"cropped-LAAV-blue-270x270.png";s:5:"width";i:270;s:6:"height";i:270;s:9:"mime-type";s:9:"image/png";}s:13:"site_icon-192";a:4:{s:4:"file";s:29:"cropped-LAAV-blue-192x192.png";s:5:"width";i:192;s:6:"height";i:192;s:9:"mime-type";s:9:"image/png";}s:13:"site_icon-180";a:4:{s:4:"file";s:29:"cropped-LAAV-blue-180x180.png";s:5:"width";i:180;s:6:"height";i:180;s:9:"mime-type";s:9:"image/png";}s:12:"site_icon-32";a:4:{s:4:"file";s:27:"cropped-LAAV-blue-32x32.png";s:5:"width";i:32;s:6:"height";i:32;s:9:"mime-type";s:9:"image/png";}}s:10:"image_meta";a:12:{s:8:"aperture";s:1:"0";s:6:"credit";s:0:"";s:6:"camera";s:0:"";s:7:"caption";s:0:"";s:17:"created_timestamp";s:1:"0";s:9:"copyright";s:0:"";s:12:"focal_length";s:1:"0";s:3:"iso";s:1:"0";s:13:"shutter_speed";s:1:"0";s:5:"title";s:0:"";s:11:"orientation";s:1:"0";s:8:"keywords";a:0:{}}}'),
(238, 95, '_wp_attached_file', '2017/12/cropped-LAAV-blue-1.png'),
(239, 95, '_wp_attachment_context', 'site-icon'),
(240, 95, '_wp_attachment_metadata', 'a:5:{s:5:"width";i:512;s:6:"height";i:512;s:4:"file";s:31:"2017/12/cropped-LAAV-blue-1.png";s:5:"sizes";a:6:{s:9:"thumbnail";a:4:{s:4:"file";s:31:"cropped-LAAV-blue-1-150x150.png";s:5:"width";i:150;s:6:"height";i:150;s:9:"mime-type";s:9:"image/png";}s:6:"medium";a:4:{s:4:"file";s:31:"cropped-LAAV-blue-1-300x300.png";s:5:"width";i:300;s:6:"height";i:300;s:9:"mime-type";s:9:"image/png";}s:13:"site_icon-270";a:4:{s:4:"file";s:31:"cropped-LAAV-blue-1-270x270.png";s:5:"width";i:270;s:6:"height";i:270;s:9:"mime-type";s:9:"image/png";}s:13:"site_icon-192";a:4:{s:4:"file";s:31:"cropped-LAAV-blue-1-192x192.png";s:5:"width";i:192;s:6:"height";i:192;s:9:"mime-type";s:9:"image/png";}s:13:"site_icon-180";a:4:{s:4:"file";s:31:"cropped-LAAV-blue-1-180x180.png";s:5:"width";i:180;s:6:"height";i:180;s:9:"mime-type";s:9:"image/png";}s:12:"site_icon-32";a:4:{s:4:"file";s:29:"cropped-LAAV-blue-1-32x32.png";s:5:"width";i:32;s:6:"height";i:32;s:9:"mime-type";s:9:"image/png";}}s:10:"image_meta";a:12:{s:8:"aperture";s:1:"0";s:6:"credit";s:0:"";s:6:"camera";s:0:"";s:7:"caption";s:0:"";s:17:"created_timestamp";s:1:"0";s:9:"copyright";s:0:"";s:12:"focal_length";s:1:"0";s:3:"iso";s:1:"0";s:13:"shutter_speed";s:1:"0";s:5:"title";s:0:"";s:11:"orientation";s:1:"0";s:8:"keywords";a:0:{}}}'),
(247, 107, '_edit_last', '1'),
(248, 107, '_edit_lock', '1512504107:1'),
(249, 107, '_thumbnail_id', '91'),
(259, 120, '_edit_last', '1'),
(260, 120, '_edit_lock', '1512554391:1'),
(261, 120, '_thumbnail_id', '89'),
(265, 121, '_edit_last', '1'),
(266, 121, '_edit_lock', '1512549148:1'),
(267, 122, '_wp_attached_file', '2017/12/39-1.png'),
(268, 122, '_wp_attachment_metadata', 'a:5:{s:5:"width";i:852;s:6:"height";i:568;s:4:"file";s:16:"2017/12/39-1.png";s:5:"sizes";a:4:{s:9:"thumbnail";a:4:{s:4:"file";s:16:"39-1-150x150.png";s:5:"width";i:150;s:6:"height";i:150;s:9:"mime-type";s:9:"image/png";}s:6:"medium";a:4:{s:4:"file";s:16:"39-1-300x200.png";s:5:"width";i:300;s:6:"height";i:200;s:9:"mime-type";s:9:"image/png";}s:12:"medium_large";a:4:{s:4:"file";s:16:"39-1-768x512.png";s:5:"width";i:768;s:6:"height";i:512;s:9:"mime-type";s:9:"image/png";}s:18:"Front-page-feature";a:4:{s:4:"file";s:16:"39-1-850x560.png";s:5:"width";i:850;s:6:"height";i:560;s:9:"mime-type";s:9:"image/png";}}s:10:"image_meta";a:12:{s:8:"aperture";s:1:"0";s:6:"credit";s:0:"";s:6:"camera";s:0:"";s:7:"caption";s:0:"";s:17:"created_timestamp";s:1:"0";s:9:"copyright";s:0:"";s:12:"focal_length";s:1:"0";s:3:"iso";s:1:"0";s:13:"shutter_speed";s:1:"0";s:5:"title";s:0:"";s:11:"orientation";s:1:"0";s:8:"keywords";a:0:{}}}'),
(269, 121, '_thumbnail_id', '122'),
(270, 123, '_edit_last', '1'),
(271, 123, '_edit_lock', '1512549162:1'),
(272, 124, '_wp_attached_file', '2017/12/38-1.png'),
(273, 124, '_wp_attachment_metadata', 'a:5:{s:5:"width";i:849;s:6:"height";i:569;s:4:"file";s:16:"2017/12/38-1.png";s:5:"sizes";a:4:{s:9:"thumbnail";a:4:{s:4:"file";s:16:"38-1-150x150.png";s:5:"width";i:150;s:6:"height";i:150;s:9:"mime-type";s:9:"image/png";}s:6:"medium";a:4:{s:4:"file";s:16:"38-1-300x201.png";s:5:"width";i:300;s:6:"height";i:201;s:9:"mime-type";s:9:"image/png";}s:12:"medium_large";a:4:{s:4:"file";s:16:"38-1-768x515.png";s:5:"width";i:768;s:6:"height";i:515;s:9:"mime-type";s:9:"image/png";}s:18:"Front-page-feature";a:4:{s:4:"file";s:16:"38-1-849x560.png";s:5:"width";i:849;s:6:"height";i:560;s:9:"mime-type";s:9:"image/png";}}s:10:"image_meta";a:12:{s:8:"aperture";s:1:"0";s:6:"credit";s:0:"";s:6:"camera";s:0:"";s:7:"caption";s:0:"";s:17:"created_timestamp";s:1:"0";s:9:"copyright";s:0:"";s:12:"focal_length";s:1:"0";s:3:"iso";s:1:"0";s:13:"shutter_speed";s:1:"0";s:5:"title";s:0:"";s:11:"orientation";s:1:"0";s:8:"keywords";a:0:{}}}'),
(274, 123, '_thumbnail_id', '124'),
(275, 125, '_edit_last', '1'),
(276, 125, '_edit_lock', '1512595469:1'),
(277, 126, '_wp_attached_file', '2017/12/37-1.png'),
(278, 126, '_wp_attachment_metadata', 'a:5:{s:5:"width";i:852;s:6:"height";i:569;s:4:"file";s:16:"2017/12/37-1.png";s:5:"sizes";a:4:{s:9:"thumbnail";a:4:{s:4:"file";s:16:"37-1-150x150.png";s:5:"width";i:150;s:6:"height";i:150;s:9:"mime-type";s:9:"image/png";}s:6:"medium";a:4:{s:4:"file";s:16:"37-1-300x200.png";s:5:"width";i:300;s:6:"height";i:200;s:9:"mime-type";s:9:"image/png";}s:12:"medium_large";a:4:{s:4:"file";s:16:"37-1-768x513.png";s:5:"width";i:768;s:6:"height";i:513;s:9:"mime-type";s:9:"image/png";}s:18:"Front-page-feature";a:4:{s:4:"file";s:16:"37-1-850x560.png";s:5:"width";i:850;s:6:"height";i:560;s:9:"mime-type";s:9:"image/png";}}s:10:"image_meta";a:12:{s:8:"aperture";s:1:"0";s:6:"credit";s:0:"";s:6:"camera";s:0:"";s:7:"caption";s:0:"";s:17:"created_timestamp";s:1:"0";s:9:"copyright";s:0:"";s:12:"focal_length";s:1:"0";s:3:"iso";s:1:"0";s:13:"shutter_speed";s:1:"0";s:5:"title";s:0:"";s:11:"orientation";s:1:"0";s:8:"keywords";a:0:{}}}'),
(279, 125, '_thumbnail_id', '126'),
(280, 125, 'ProjectNumber', '40'),
(281, 123, 'ProjectNumber', '39'),
(282, 121, 'ProjectNumber', '38'),
(283, 120, 'ProjectNumber', '37'),
(284, 120, '_wp_old_slug', '120'),
(288, 129, '_wp_attached_file', '2017/12/residential.png'),
(289, 129, '_wp_attachment_metadata', 'a:5:{s:5:"width";i:256;s:6:"height";i:256;s:4:"file";s:23:"2017/12/residential.png";s:5:"sizes";a:1:{s:9:"thumbnail";a:4:{s:4:"file";s:23:"residential-150x150.png";s:5:"width";i:150;s:6:"height";i:150;s:9:"mime-type";s:9:"image/png";}}s:10:"image_meta";a:12:{s:8:"aperture";s:1:"0";s:6:"credit";s:0:"";s:6:"camera";s:0:"";s:7:"caption";s:0:"";s:17:"created_timestamp";s:1:"0";s:9:"copyright";s:0:"";s:12:"focal_length";s:1:"0";s:3:"iso";s:1:"0";s:13:"shutter_speed";s:1:"0";s:5:"title";s:0:"";s:11:"orientation";s:1:"0";s:8:"keywords";a:0:{}}}'),
(293, 131, '_wp_attached_file', '2017/12/sofa.png'),
(294, 131, '_wp_attachment_metadata', 'a:5:{s:5:"width";i:626;s:6:"height";i:626;s:4:"file";s:16:"2017/12/sofa.png";s:5:"sizes";a:3:{s:9:"thumbnail";a:4:{s:4:"file";s:16:"sofa-150x150.png";s:5:"width";i:150;s:6:"height";i:150;s:9:"mime-type";s:9:"image/png";}s:6:"medium";a:4:{s:4:"file";s:16:"sofa-300x300.png";s:5:"width";i:300;s:6:"height";i:300;s:9:"mime-type";s:9:"image/png";}s:18:"Front-page-feature";a:4:{s:4:"file";s:16:"sofa-626x560.png";s:5:"width";i:626;s:6:"height";i:560;s:9:"mime-type";s:9:"image/png";}}s:10:"image_meta";a:12:{s:8:"aperture";s:1:"0";s:6:"credit";s:0:"";s:6:"camera";s:0:"";s:7:"caption";s:0:"";s:17:"created_timestamp";s:1:"0";s:9:"copyright";s:0:"";s:12:"focal_length";s:1:"0";s:3:"iso";s:1:"0";s:13:"shutter_speed";s:1:"0";s:5:"title";s:0:"";s:11:"orientation";s:1:"0";s:8:"keywords";a:0:{}}}'),
(521, 184, '_edit_last', '1'),
(522, 184, '_edit_lock', '1512594833:1'),
(523, 184, '_wp_page_template', 'page-projects.php'),
(524, 185, '_menu_item_type', 'post_type'),
(525, 185, '_menu_item_menu_item_parent', '0'),
(526, 185, '_menu_item_object_id', '184'),
(527, 185, '_menu_item_object', 'page'),
(528, 185, '_menu_item_target', ''),
(529, 185, '_menu_item_classes', 'a:1:{i:0;s:0:"";}'),
(530, 185, '_menu_item_xfn', ''),
(531, 185, '_menu_item_url', ''),
(596, 206, '_edit_last', '1'),
(597, 206, '_edit_lock', '1512597858:1'),
(598, 206, '_wp_page_template', 'test-template.php'),
(599, 207, '_menu_item_type', 'post_type'),
(600, 207, '_menu_item_menu_item_parent', '0'),
(601, 207, '_menu_item_object_id', '206'),
(602, 207, '_menu_item_object', 'page'),
(603, 207, '_menu_item_target', ''),
(604, 207, '_menu_item_classes', 'a:1:{i:0;s:0:"";}'),
(605, 207, '_menu_item_xfn', ''),
(606, 207, '_menu_item_url', ''),
(610, 209, '_edit_last', '1'),
(611, 209, '_edit_lock', '1512597675:1'),
(612, 209, '_wp_page_template', 'page-service.php'),
(626, 213, '_edit_last', '1'),
(627, 213, '_edit_lock', '1512597556:1'),
(628, 213, '_thumbnail_id', '129'),
(629, 209, '_wp_trash_meta_status', 'publish'),
(630, 209, '_wp_trash_meta_time', '1512597886'),
(631, 209, '_wp_desired_post_slug', 'services'),
(632, 216, '_edit_last', '1'),
(633, 216, '_edit_lock', '1512597830:1'),
(634, 216, '_wp_page_template', 'page-service.php'),
(635, 217, '_menu_item_type', 'post_type'),
(636, 217, '_menu_item_menu_item_parent', '0'),
(637, 217, '_menu_item_object_id', '216'),
(638, 217, '_menu_item_object', 'page'),
(639, 217, '_menu_item_target', ''),
(640, 217, '_menu_item_classes', 'a:1:{i:0;s:0:"";}'),
(641, 217, '_menu_item_xfn', ''),
(642, 217, '_menu_item_url', ''),
(643, 223, '_edit_last', '1'),
(644, 223, '_edit_lock', '1512599494:1'),
(645, 223, '_thumbnail_id', '131');

-- --------------------------------------------------------

--
-- Table structure for table `wp_laavposts`
--

CREATE TABLE IF NOT EXISTS `wp_laavposts` (
  `ID` bigint(20) unsigned NOT NULL AUTO_INCREMENT,
  `post_author` bigint(20) unsigned NOT NULL DEFAULT '0',
  `post_date` datetime NOT NULL DEFAULT '0000-00-00 00:00:00',
  `post_date_gmt` datetime NOT NULL DEFAULT '0000-00-00 00:00:00',
  `post_content` longtext COLLATE utf8mb4_unicode_ci NOT NULL,
  `post_title` text COLLATE utf8mb4_unicode_ci NOT NULL,
  `post_excerpt` text COLLATE utf8mb4_unicode_ci NOT NULL,
  `post_status` varchar(20) COLLATE utf8mb4_unicode_ci NOT NULL DEFAULT 'publish',
  `comment_status` varchar(20) COLLATE utf8mb4_unicode_ci NOT NULL DEFAULT 'open',
  `ping_status` varchar(20) COLLATE utf8mb4_unicode_ci NOT NULL DEFAULT 'open',
  `post_password` varchar(255) COLLATE utf8mb4_unicode_ci NOT NULL DEFAULT '',
  `post_name` varchar(200) COLLATE utf8mb4_unicode_ci NOT NULL DEFAULT '',
  `to_ping` text COLLATE utf8mb4_unicode_ci NOT NULL,
  `pinged` text COLLATE utf8mb4_unicode_ci NOT NULL,
  `post_modified` datetime NOT NULL DEFAULT '0000-00-00 00:00:00',
  `post_modified_gmt` datetime NOT NULL DEFAULT '0000-00-00 00:00:00',
  `post_content_filtered` longtext COLLATE utf8mb4_unicode_ci NOT NULL,
  `post_parent` bigint(20) unsigned NOT NULL DEFAULT '0',
  `guid` varchar(255) COLLATE utf8mb4_unicode_ci NOT NULL DEFAULT '',
  `menu_order` int(11) NOT NULL DEFAULT '0',
  `post_type` varchar(20) COLLATE utf8mb4_unicode_ci NOT NULL DEFAULT 'post',
  `post_mime_type` varchar(100) COLLATE utf8mb4_unicode_ci NOT NULL DEFAULT '',
  `comment_count` bigint(20) NOT NULL DEFAULT '0',
  PRIMARY KEY (`ID`),
  KEY `post_name` (`post_name`(191)),
  KEY `type_status_date` (`post_type`,`post_status`,`post_date`,`ID`),
  KEY `post_parent` (`post_parent`),
  KEY `post_author` (`post_author`)
) ENGINE=InnoDB  DEFAULT CHARSET=utf8mb4 COLLATE=utf8mb4_unicode_ci AUTO_INCREMENT=224 ;

--
-- Dumping data for table `wp_laavposts`
--

INSERT INTO `wp_laavposts` (`ID`, `post_author`, `post_date`, `post_date_gmt`, `post_content`, `post_title`, `post_excerpt`, `post_status`, `comment_status`, `ping_status`, `post_password`, `post_name`, `to_ping`, `pinged`, `post_modified`, `post_modified_gmt`, `post_content_filtered`, `post_parent`, `guid`, `menu_order`, `post_type`, `post_mime_type`, `comment_count`) VALUES
(1, 1, '2017-11-30 08:36:47', '2017-11-30 08:36:47', 'Welcome to WordPress. This is your first post. Edit or delete it, then start writing!', 'Hello world!', '', 'publish', 'open', 'open', '', 'hello-world', '', '', '2017-11-30 08:36:47', '2017-11-30 08:36:47', '', 0, 'http://192.168.33.10/?p=1', 0, 'post', '', 1),
(14, 1, '2017-11-30 09:58:11', '2017-11-30 09:58:11', '', 'LAAV-white', '', 'inherit', 'open', 'closed', '', 'laav-white', '', '', '2017-11-30 21:30:50', '2017-11-30 21:30:50', '', 0, 'http://192.168.33.10/wp-content/uploads/2017/11/LAAV-white.png', 0, 'attachment', 'image/png', 0),
(19, 1, '2017-11-30 21:19:07', '2017-11-30 21:19:07', 'http://192.168.33.10/wp-content/uploads/2017/11/cropped-LAAV-white.png', 'cropped-LAAV-white.png', '', 'inherit', 'open', 'closed', '', 'cropped-laav-white-png', '', '', '2017-11-30 21:19:07', '2017-11-30 21:19:07', '', 0, 'http://192.168.33.10/wp-content/uploads/2017/11/cropped-LAAV-white.png', 0, 'attachment', 'image/png', 0),
(22, 1, '2017-11-30 21:27:05', '2017-11-30 21:27:05', 'http://192.168.33.10/wp-content/uploads/2017/11/cropped-LAAV-white-1.png', 'cropped-LAAV-white-1.png', '', 'inherit', 'open', 'closed', '', 'cropped-laav-white-1-png', '', '', '2017-11-30 21:27:05', '2017-11-30 21:27:05', '', 0, 'http://192.168.33.10/wp-content/uploads/2017/11/cropped-LAAV-white-1.png', 0, 'attachment', 'image/png', 0),
(24, 1, '2017-11-30 21:28:05', '2017-11-30 21:28:05', 'http://192.168.33.10/wp-content/uploads/2017/11/cropped-LAAV-white-2.png', 'cropped-LAAV-white-2.png', '', 'inherit', 'open', 'closed', '', 'cropped-laav-white-2-png', '', '', '2017-11-30 21:28:05', '2017-11-30 21:28:05', '', 0, 'http://192.168.33.10/wp-content/uploads/2017/11/cropped-LAAV-white-2.png', 0, 'attachment', 'image/png', 0),
(25, 1, '2017-11-30 21:32:02', '2017-11-30 21:32:02', 'http://192.168.33.10/wp-content/uploads/2017/11/cropped-LAAV-white-e1512077442833.png', 'cropped-LAAV-white-e1512077442833.png', '', 'inherit', 'open', 'closed', '', 'cropped-laav-white-e1512077442833-png', '', '', '2017-11-30 21:32:02', '2017-11-30 21:32:02', '', 0, 'http://192.168.33.10/wp-content/uploads/2017/11/cropped-LAAV-white-e1512077442833.png', 0, 'attachment', 'image/png', 0),
(58, 1, '2017-12-04 07:45:21', '2017-12-04 07:45:21', '', 'Front Page', '', 'publish', 'closed', 'closed', '', 'front-page', '', '', '2017-12-04 07:45:21', '2017-12-04 07:45:21', '', 0, 'http://192.168.33.10/?page_id=58', 0, 'page', '', 0),
(82, 1, '2017-12-05 07:29:14', '2017-12-05 07:29:14', '', 'Slide 1', '', 'publish', 'closed', 'closed', '', 'slide-1', '', '', '2017-12-05 07:29:14', '2017-12-05 07:29:14', '', 0, 'http://192.168.33.10/?post_type=slider&#038;p=82', 0, 'slider', '', 0),
(83, 1, '2017-12-05 07:28:17', '2017-12-05 07:28:17', '', '#40', '', 'inherit', 'closed', 'closed', '', '40-2', '', '', '2017-12-05 07:28:17', '2017-12-05 07:28:17', '', 82, 'http://192.168.33.10/wp-content/uploads/2017/12/40.png', 0, 'attachment', 'image/png', 0),
(84, 1, '2017-12-05 07:30:07', '2017-12-05 07:30:07', '', 'Slide 2', '', 'publish', 'closed', 'closed', '', 'slide-2', '', '', '2017-12-05 07:30:07', '2017-12-05 07:30:07', '', 0, 'http://192.168.33.10/?post_type=slider&#038;p=84', 0, 'slider', '', 0),
(85, 1, '2017-12-05 07:30:02', '2017-12-05 07:30:02', '', '#39', '', 'inherit', 'closed', 'closed', '', '39', '', '', '2017-12-05 07:30:02', '2017-12-05 07:30:02', '', 84, 'http://192.168.33.10/wp-content/uploads/2017/12/39.png', 0, 'attachment', 'image/png', 0),
(86, 1, '2017-12-05 07:31:15', '2017-12-05 07:31:15', '', 'Slide 3', '', 'publish', 'closed', 'closed', '', 'slide-3', '', '', '2017-12-05 07:31:15', '2017-12-05 07:31:15', '', 0, 'http://192.168.33.10/?post_type=slider&#038;p=86', 0, 'slider', '', 0),
(87, 1, '2017-12-05 07:31:09', '2017-12-05 07:31:09', '', '#38', '', 'inherit', 'closed', 'closed', '', '38', '', '', '2017-12-05 07:31:09', '2017-12-05 07:31:09', '', 86, 'http://192.168.33.10/wp-content/uploads/2017/12/38.png', 0, 'attachment', 'image/png', 0),
(88, 1, '2017-12-05 07:31:47', '2017-12-05 07:31:47', '', 'Slide 4', '', 'publish', 'closed', 'closed', '', 'slide-4', '', '', '2017-12-05 07:31:47', '2017-12-05 07:31:47', '', 0, 'http://192.168.33.10/?post_type=slider&#038;p=88', 0, 'slider', '', 0),
(89, 1, '2017-12-05 07:31:36', '2017-12-05 07:31:36', '', '#37', '', 'inherit', 'closed', 'closed', '', '37', '', '', '2017-12-05 07:31:36', '2017-12-05 07:31:36', '', 88, 'http://192.168.33.10/wp-content/uploads/2017/12/37.png', 0, 'attachment', 'image/png', 0),
(90, 1, '2017-12-05 07:32:14', '2017-12-05 07:32:14', '', 'Slide 5', '', 'publish', 'closed', 'closed', '', 'slide-5', '', '', '2017-12-05 07:32:14', '2017-12-05 07:32:14', '', 0, 'http://192.168.33.10/?post_type=slider&#038;p=90', 0, 'slider', '', 0),
(91, 1, '2017-12-05 07:32:11', '2017-12-05 07:32:11', '', '#36', '', 'inherit', 'closed', 'closed', '', '36-2', '', '', '2017-12-05 07:32:11', '2017-12-05 07:32:11', '', 90, 'http://192.168.33.10/wp-content/uploads/2017/12/36.png', 0, 'attachment', 'image/png', 0),
(92, 1, '2017-12-05 08:00:24', '2017-12-05 08:00:24', '', 'LAAV-blue', '', 'inherit', 'closed', 'closed', '', 'laav-blue', '', '', '2017-12-05 08:04:50', '2017-12-05 08:04:50', '', 0, 'http://192.168.33.10/wp-content/uploads/2017/12/LAAV-blue.png', 0, 'attachment', 'image/png', 0),
(93, 1, '2017-12-05 08:05:16', '2017-12-05 08:05:16', 'http://192.168.33.10/wp-content/uploads/2017/12/cropped-LAAV-blue.png', 'cropped-LAAV-blue.png', '', 'inherit', 'closed', 'closed', '', 'cropped-laav-blue-png', '', '', '2017-12-05 08:05:16', '2017-12-05 08:05:16', '', 0, 'http://192.168.33.10/wp-content/uploads/2017/12/cropped-LAAV-blue.png', 0, 'attachment', 'image/png', 0),
(95, 1, '2017-12-05 08:05:40', '2017-12-05 08:05:40', 'http://192.168.33.10/wp-content/uploads/2017/12/cropped-LAAV-blue-1.png', 'cropped-LAAV-blue-1.png', '', 'inherit', 'closed', 'closed', '', 'cropped-laav-blue-1-png', '', '', '2017-12-05 08:05:40', '2017-12-05 08:05:40', '', 0, 'http://192.168.33.10/wp-content/uploads/2017/12/cropped-LAAV-blue-1.png', 0, 'attachment', 'image/png', 0),
(107, 1, '2017-12-05 09:50:34', '2017-12-05 09:50:34', 'This is a test project', 'Test Project', '', 'publish', 'closed', 'closed', '', 'test-project', '', '', '2017-12-05 10:38:03', '2017-12-05 10:38:03', '', 0, 'http://192.168.33.10/?post_type=programmes&#038;p=107', 0, 'programmes', '', 0),
(120, 1, '2017-12-05 20:33:51', '2017-12-05 20:33:51', 'This is the house photographer page with content', 'House of Photographer', '', 'publish', 'closed', 'closed', '', 'house-of-photographer', '', '', '2017-12-06 08:53:21', '2017-12-06 08:53:21', '', 0, 'http://192.168.33.10/?post_type=projects&#038;p=120', 0, 'projects', '', 0),
(121, 1, '2017-12-06 05:36:13', '2017-12-06 05:36:13', '', 'House of scenes', '', 'publish', 'closed', 'closed', '', 'house-of-scenes', '', '', '2017-12-06 07:08:23', '2017-12-06 07:08:23', '', 0, 'http://192.168.33.10/?post_type=projects&#038;p=121', 0, 'projects', '', 0),
(122, 1, '2017-12-06 05:35:59', '2017-12-06 05:35:59', '', '#39', '', 'inherit', 'closed', 'closed', '', '39-2', '', '', '2017-12-06 05:35:59', '2017-12-06 05:35:59', '', 121, 'http://192.168.33.10/wp-content/uploads/2017/12/39-1.png', 0, 'attachment', 'image/png', 0),
(123, 1, '2017-12-06 05:42:39', '2017-12-06 05:42:39', '', 'Courtyard House', '', 'publish', 'closed', 'closed', '', 'courtyard-house', '', '', '2017-12-06 07:08:07', '2017-12-06 07:08:07', '', 0, 'http://192.168.33.10/?post_type=projects&#038;p=123', 0, 'projects', '', 0),
(124, 1, '2017-12-06 05:42:30', '2017-12-06 05:42:30', '', '#38', '', 'inherit', 'closed', 'closed', '', '38-2', '', '', '2017-12-06 05:42:30', '2017-12-06 05:42:30', '', 123, 'http://192.168.33.10/wp-content/uploads/2017/12/38-1.png', 0, 'attachment', 'image/png', 0),
(125, 1, '2017-12-06 05:49:32', '2017-12-06 05:49:32', '', 'Framing house', '', 'publish', 'closed', 'closed', '', 'framing-house', '', '', '2017-12-06 07:07:46', '2017-12-06 07:07:46', '', 0, 'http://192.168.33.10/?post_type=projects&#038;p=125', 0, 'projects', '', 0),
(126, 1, '2017-12-06 05:49:18', '2017-12-06 05:49:18', '', '#37', '', 'inherit', 'closed', 'closed', '', '37-2', '', '', '2017-12-06 05:49:18', '2017-12-06 05:49:18', '', 125, 'http://192.168.33.10/wp-content/uploads/2017/12/37-1.png', 0, 'attachment', 'image/png', 0),
(129, 1, '2017-12-06 10:16:25', '2017-12-06 10:16:25', '', 'residential', '', 'inherit', 'closed', 'closed', '', 'residential', '', '', '2017-12-06 10:16:25', '2017-12-06 10:16:25', '', 128, 'http://192.168.33.10/wp-content/uploads/2017/12/residential.png', 0, 'attachment', 'image/png', 0),
(131, 1, '2017-12-06 10:21:40', '2017-12-06 10:21:40', '', 'sofa', '', 'inherit', 'closed', 'closed', '', 'sofa', '', '', '2017-12-06 10:21:40', '2017-12-06 10:21:40', '', 130, 'http://192.168.33.10/wp-content/uploads/2017/12/sofa.png', 0, 'attachment', 'image/png', 0),
(184, 1, '2017-12-06 20:56:03', '2017-12-06 20:56:03', 'This is the projects page', 'PROJECTS', '', 'publish', 'closed', 'closed', '', 'projects', '', '', '2017-12-06 20:56:34', '2017-12-06 20:56:34', '', 0, 'http://192.168.33.10/?page_id=184', 0, 'page', '', 0),
(185, 1, '2017-12-06 20:56:03', '2017-12-06 20:56:03', ' ', '', '', 'publish', 'closed', 'closed', '', '185', '', '', '2017-12-06 22:05:53', '2017-12-06 22:05:53', '', 0, 'http://192.168.33.10/2017/12/06/185/', 1, 'nav_menu_item', '', 0),
(206, 1, '2017-12-06 21:56:49', '2017-12-06 21:56:49', '', 'ABOUT', '', 'publish', 'closed', 'closed', '', 'about', '', '', '2017-12-06 22:06:40', '2017-12-06 22:06:40', '', 0, 'http://192.168.33.10/?page_id=206', 0, 'page', '', 0),
(207, 1, '2017-12-06 21:56:49', '2017-12-06 21:56:49', ' ', '', '', 'publish', 'closed', 'closed', '', '207', '', '', '2017-12-06 22:05:53', '2017-12-06 22:05:53', '', 0, 'http://192.168.33.10/2017/12/06/207/', 3, 'nav_menu_item', '', 0),
(209, 1, '2017-12-06 21:59:24', '2017-12-06 21:59:24', 'This is the services', 'SERVICES', '', 'trash', 'closed', 'closed', '', 'services__trashed', '', '', '2017-12-06 22:04:46', '2017-12-06 22:04:46', '', 0, 'http://192.168.33.10/?page_id=209', 0, 'page', '', 0),
(213, 1, '2017-12-06 22:01:24', '2017-12-06 22:01:24', 'We make sure that we understand both what drives your business and your budget and with these primary factors in mind, we deliver top residential design. Our residential architectural design will add value to your business’ brand and the workings of your business.', 'RESIDENTIAL', '', 'publish', 'closed', 'closed', '', 'residential', '', '', '2017-12-06 22:01:40', '2017-12-06 22:01:40', '', 0, 'http://192.168.33.10/?post_type=services&#038;p=213', 0, 'services', '', 0),
(215, 1, '2017-12-06 22:04:46', '2017-12-06 22:04:46', 'This is the services', 'SERVICES', '', 'inherit', 'closed', 'closed', '', '209-revision-v1', '', '', '2017-12-06 22:04:46', '2017-12-06 22:04:46', '', 209, 'http://192.168.33.10/2017/12/06/209-revision-v1/', 0, 'revision', '', 0),
(216, 1, '2017-12-06 22:04:57', '2017-12-06 22:04:57', '', 'SERVICES', '', 'publish', 'closed', 'closed', '', 'our-services', '', '', '2017-12-06 22:06:07', '2017-12-06 22:06:07', '', 0, 'http://192.168.33.10/?page_id=216', 0, 'page', '', 0),
(217, 1, '2017-12-06 22:04:57', '2017-12-06 22:04:57', ' ', '', '', 'publish', 'closed', 'closed', '', '217', '', '', '2017-12-06 22:05:53', '2017-12-06 22:05:53', '', 0, 'http://192.168.33.10/2017/12/06/217/', 2, 'nav_menu_item', '', 0),
(218, 1, '2017-12-06 22:04:57', '2017-12-06 22:04:57', '', 'Our Services', '', 'inherit', 'closed', 'closed', '', '216-revision-v1', '', '', '2017-12-06 22:04:57', '2017-12-06 22:04:57', '', 216, 'http://192.168.33.10/2017/12/06/216-revision-v1/', 0, 'revision', '', 0),
(219, 1, '2017-12-06 22:06:04', '2017-12-06 22:06:04', '', 'SERVICES', '', 'inherit', 'closed', 'closed', '', '216-autosave-v1', '', '', '2017-12-06 22:06:04', '2017-12-06 22:06:04', '', 216, 'http://192.168.33.10/2017/12/06/216-autosave-v1/', 0, 'revision', '', 0),
(220, 1, '2017-12-06 22:06:07', '2017-12-06 22:06:07', '', 'SERVICES', '', 'inherit', 'closed', 'closed', '', '216-revision-v1', '', '', '2017-12-06 22:06:07', '2017-12-06 22:06:07', '', 216, 'http://192.168.33.10/2017/12/06/216-revision-v1/', 0, 'revision', '', 0),
(221, 1, '2017-12-06 22:06:29', '0000-00-00 00:00:00', '', 'Auto Draft', '', 'auto-draft', 'closed', 'closed', '', '', '', '', '2017-12-06 22:06:29', '0000-00-00 00:00:00', '', 0, 'http://192.168.33.10/?p=221', 0, 'post', '', 0),
(222, 1, '2017-12-06 22:06:40', '2017-12-06 22:06:40', '', 'ABOUT', '', 'inherit', 'closed', 'closed', '', '206-revision-v1', '', '', '2017-12-06 22:06:40', '2017-12-06 22:06:40', '', 206, 'http://192.168.33.10/2017/12/06/206-revision-v1/', 0, 'revision', '', 0),
(223, 1, '2017-12-06 22:07:36', '2017-12-06 22:07:36', 'Our design services cover a broad spectrum, from private residences to commercial spaces.\r\nWhether you are approaching a new build, a renovation, or looking to refresh your existing furnishings - our team can take on the design process', 'INTERIOR DESIGN', '', 'publish', 'closed', 'closed', '', 'interior-design', '', '', '2017-12-06 22:07:36', '2017-12-06 22:07:36', '', 0, 'http://192.168.33.10/?post_type=services&#038;p=223', 0, 'services', '', 0);

-- --------------------------------------------------------

--
-- Table structure for table `wp_laavtermmeta`
--

CREATE TABLE IF NOT EXISTS `wp_laavtermmeta` (
  `meta_id` bigint(20) unsigned NOT NULL AUTO_INCREMENT,
  `term_id` bigint(20) unsigned NOT NULL DEFAULT '0',
  `meta_key` varchar(255) COLLATE utf8mb4_unicode_ci DEFAULT NULL,
  `meta_value` longtext COLLATE utf8mb4_unicode_ci,
  PRIMARY KEY (`meta_id`),
  KEY `term_id` (`term_id`),
  KEY `meta_key` (`meta_key`(191))
) ENGINE=InnoDB DEFAULT CHARSET=utf8mb4 COLLATE=utf8mb4_unicode_ci AUTO_INCREMENT=1 ;

-- --------------------------------------------------------

--
-- Table structure for table `wp_laavterms`
--

CREATE TABLE IF NOT EXISTS `wp_laavterms` (
  `term_id` bigint(20) unsigned NOT NULL AUTO_INCREMENT,
  `name` varchar(200) COLLATE utf8mb4_unicode_ci NOT NULL DEFAULT '',
  `slug` varchar(200) COLLATE utf8mb4_unicode_ci NOT NULL DEFAULT '',
  `term_group` bigint(10) NOT NULL DEFAULT '0',
  PRIMARY KEY (`term_id`),
  KEY `slug` (`slug`(191)),
  KEY `name` (`name`(191))
) ENGINE=InnoDB  DEFAULT CHARSET=utf8mb4 COLLATE=utf8mb4_unicode_ci AUTO_INCREMENT=3 ;

--
-- Dumping data for table `wp_laavterms`
--

INSERT INTO `wp_laavterms` (`term_id`, `name`, `slug`, `term_group`) VALUES
(1, 'Uncategorised', 'uncategorised', 0),
(2, 'Main Navigation', 'main-navigation', 0);

-- --------------------------------------------------------

--
-- Table structure for table `wp_laavterm_relationships`
--

CREATE TABLE IF NOT EXISTS `wp_laavterm_relationships` (
  `object_id` bigint(20) unsigned NOT NULL DEFAULT '0',
  `term_taxonomy_id` bigint(20) unsigned NOT NULL DEFAULT '0',
  `term_order` int(11) NOT NULL DEFAULT '0',
  PRIMARY KEY (`object_id`,`term_taxonomy_id`),
  KEY `term_taxonomy_id` (`term_taxonomy_id`)
) ENGINE=InnoDB DEFAULT CHARSET=utf8mb4 COLLATE=utf8mb4_unicode_ci;

--
-- Dumping data for table `wp_laavterm_relationships`
--

INSERT INTO `wp_laavterm_relationships` (`object_id`, `term_taxonomy_id`, `term_order`) VALUES
(1, 1, 0),
(185, 2, 0),
(207, 2, 0),
(217, 2, 0);

-- --------------------------------------------------------

--
-- Table structure for table `wp_laavterm_taxonomy`
--

CREATE TABLE IF NOT EXISTS `wp_laavterm_taxonomy` (
  `term_taxonomy_id` bigint(20) unsigned NOT NULL AUTO_INCREMENT,
  `term_id` bigint(20) unsigned NOT NULL DEFAULT '0',
  `taxonomy` varchar(32) COLLATE utf8mb4_unicode_ci NOT NULL DEFAULT '',
  `description` longtext COLLATE utf8mb4_unicode_ci NOT NULL,
  `parent` bigint(20) unsigned NOT NULL DEFAULT '0',
  `count` bigint(20) NOT NULL DEFAULT '0',
  PRIMARY KEY (`term_taxonomy_id`),
  UNIQUE KEY `term_id_taxonomy` (`term_id`,`taxonomy`),
  KEY `taxonomy` (`taxonomy`)
) ENGINE=InnoDB  DEFAULT CHARSET=utf8mb4 COLLATE=utf8mb4_unicode_ci AUTO_INCREMENT=3 ;

--
-- Dumping data for table `wp_laavterm_taxonomy`
--

INSERT INTO `wp_laavterm_taxonomy` (`term_taxonomy_id`, `term_id`, `taxonomy`, `description`, `parent`, `count`) VALUES
(1, 1, 'category', '', 0, 1),
(2, 2, 'nav_menu', '', 0, 3);

-- --------------------------------------------------------

--
-- Table structure for table `wp_laavusermeta`
--

CREATE TABLE IF NOT EXISTS `wp_laavusermeta` (
  `umeta_id` bigint(20) unsigned NOT NULL AUTO_INCREMENT,
  `user_id` bigint(20) unsigned NOT NULL DEFAULT '0',
  `meta_key` varchar(255) COLLATE utf8mb4_unicode_ci DEFAULT NULL,
  `meta_value` longtext COLLATE utf8mb4_unicode_ci,
  PRIMARY KEY (`umeta_id`),
  KEY `user_id` (`user_id`),
  KEY `meta_key` (`meta_key`(191))
) ENGINE=InnoDB  DEFAULT CHARSET=utf8mb4 COLLATE=utf8mb4_unicode_ci AUTO_INCREMENT=42 ;

--
-- Dumping data for table `wp_laavusermeta`
--

INSERT INTO `wp_laavusermeta` (`umeta_id`, `user_id`, `meta_key`, `meta_value`) VALUES
(1, 1, 'nickname', 'Kunal'),
(2, 1, 'first_name', ''),
(3, 1, 'last_name', ''),
(4, 1, 'description', ''),
(5, 1, 'rich_editing', 'true'),
(6, 1, 'comment_shortcuts', 'false'),
(7, 1, 'admin_color', 'fresh'),
(8, 1, 'use_ssl', '0'),
(9, 1, 'show_admin_bar_front', 'true'),
(10, 1, 'locale', ''),
(11, 1, 'wp_laavcapabilities', 'a:1:{s:13:"administrator";b:1;}'),
(12, 1, 'wp_laavuser_level', '10'),
(13, 1, 'dismissed_wp_pointers', ''),
(14, 1, 'show_welcome_panel', '1'),
(16, 1, 'wp_laavuser-settings', 'libraryContent=browse&editor_expand=off&ed_size=365'),
(17, 1, 'wp_laavuser-settings-time', '1512592887'),
(18, 1, 'wp_laavdashboard_quick_press_last_post_id', '221'),
(19, 1, 'community-events-location', 'a:1:{s:2:"ip";s:12:"192.168.33.0";}'),
(21, 1, 'session_tokens', 'a:3:{s:64:"58d591e215f7cb9930758e07da5b3a5c38656c5645a21d6887a65b6c3973eb7e";a:4:{s:10:"expiration";i:1512631600;s:2:"ip";s:12:"192.168.33.1";s:2:"ua";s:120:"Mozilla/5.0 (Macintosh; Intel Mac OS X 10_11_0) AppleWebKit/537.36 (KHTML, like Gecko) Chrome/62.0.3202.94 Safari/537.36";s:5:"login";i:1512458800;}s:64:"153e3f6a804bfb79831a75d3073756db9b135037c869bcd8d74fc89a9127d988";a:4:{s:10:"expiration";i:1512718000;s:2:"ip";s:12:"192.168.33.1";s:2:"ua";s:120:"Mozilla/5.0 (Macintosh; Intel Mac OS X 10_11_0) AppleWebKit/537.36 (KHTML, like Gecko) Chrome/62.0.3202.94 Safari/537.36";s:5:"login";i:1512545200;}s:64:"f7091356c725460ec3e0fcf3343de1446436789a55f4ecbbd6e0a7ab17a7428f";a:4:{s:10:"expiration";i:1512762807;s:2:"ip";s:12:"192.168.33.1";s:2:"ua";s:120:"Mozilla/5.0 (Macintosh; Intel Mac OS X 10_11_6) AppleWebKit/537.36 (KHTML, like Gecko) Chrome/62.0.3202.94 Safari/537.36";s:5:"login";i:1512590007;}}'),
(22, 1, 'managenav-menuscolumnshidden', 'a:5:{i:0;s:11:"link-target";i:1;s:11:"css-classes";i:2;s:3:"xfn";i:3;s:11:"description";i:4;s:15:"title-attribute";}'),
(23, 1, 'metaboxhidden_nav-menus', 'a:1:{i:0;s:12:"add-post_tag";}'),
(24, 1, 'nav_menu_recently_edited', '2'),
(25, 1, 'closedpostboxes_page', 'a:1:{i:0;s:12:"revisionsdiv";}'),
(26, 1, 'metaboxhidden_page', 'a:3:{i:0;s:10:"postcustom";i:1;s:7:"slugdiv";i:2;s:9:"authordiv";}'),
(27, 1, 'meta-box-order_slider', 'a:3:{s:4:"side";s:9:"submitdiv";s:6:"normal";s:20:"slugdiv,postimagediv";s:8:"advanced";s:0:"";}'),
(28, 1, 'screen_layout_slider', '2'),
(29, 1, 'closedpostboxes_dashboard', 'a:0:{}'),
(30, 1, 'metaboxhidden_dashboard', 'a:0:{}'),
(31, 1, 'meta-box-order_programmes', 'a:3:{s:4:"side";s:9:"submitdiv";s:6:"normal";s:20:"slugdiv,postimagediv";s:8:"advanced";s:0:"";}'),
(32, 1, 'screen_layout_programmes', '2'),
(33, 1, 'edit_slider_per_page', '10'),
(34, 1, 'closedpostboxes_programmes', 'a:0:{}'),
(35, 1, 'metaboxhidden_programmes', 'a:1:{i:0;s:7:"slugdiv";}'),
(36, 1, 'meta-box-order_projects', 'a:3:{s:4:"side";s:23:"submitdiv,pageparentdiv";s:6:"normal";s:29:"slugdiv,projects,postimagediv";s:8:"advanced";s:0:"";}'),
(37, 1, 'screen_layout_projects', '2'),
(38, 1, 'closedpostboxes_projects', 'a:1:{i:0;s:12:"postimagediv";}'),
(39, 1, 'metaboxhidden_projects', 'a:1:{i:0;s:7:"slugdiv";}'),
(40, 1, 'closedpostboxes_post', 'a:0:{}'),
(41, 1, 'metaboxhidden_post', 'a:5:{i:0;s:11:"postexcerpt";i:1;s:10:"postcustom";i:2;s:11:"commentsdiv";i:3;s:7:"slugdiv";i:4;s:9:"authordiv";}');

-- --------------------------------------------------------

--
-- Table structure for table `wp_laavusers`
--

CREATE TABLE IF NOT EXISTS `wp_laavusers` (
  `ID` bigint(20) unsigned NOT NULL AUTO_INCREMENT,
  `user_login` varchar(60) COLLATE utf8mb4_unicode_ci NOT NULL DEFAULT '',
  `user_pass` varchar(255) COLLATE utf8mb4_unicode_ci NOT NULL DEFAULT '',
  `user_nicename` varchar(50) COLLATE utf8mb4_unicode_ci NOT NULL DEFAULT '',
  `user_email` varchar(100) COLLATE utf8mb4_unicode_ci NOT NULL DEFAULT '',
  `user_url` varchar(100) COLLATE utf8mb4_unicode_ci NOT NULL DEFAULT '',
  `user_registered` datetime NOT NULL DEFAULT '0000-00-00 00:00:00',
  `user_activation_key` varchar(255) COLLATE utf8mb4_unicode_ci NOT NULL DEFAULT '',
  `user_status` int(11) NOT NULL DEFAULT '0',
  `display_name` varchar(250) COLLATE utf8mb4_unicode_ci NOT NULL DEFAULT '',
  PRIMARY KEY (`ID`),
  KEY `user_login_key` (`user_login`),
  KEY `user_nicename` (`user_nicename`),
  KEY `user_email` (`user_email`)
) ENGINE=InnoDB  DEFAULT CHARSET=utf8mb4 COLLATE=utf8mb4_unicode_ci AUTO_INCREMENT=2 ;

--
-- Dumping data for table `wp_laavusers`
--

INSERT INTO `wp_laavusers` (`ID`, `user_login`, `user_pass`, `user_nicename`, `user_email`, `user_url`, `user_registered`, `user_activation_key`, `user_status`, `display_name`) VALUES
(1, 'Kunal', '$P$B4y9T1Dzm22AL7a1oAUpCobyxREHet0', 'kunal', 'kshantilal03@gmail.com', '', '2017-11-30 08:36:47', '', 0, 'Kunal');

/*!40101 SET CHARACTER_SET_CLIENT=@OLD_CHARACTER_SET_CLIENT */;
/*!40101 SET CHARACTER_SET_RESULTS=@OLD_CHARACTER_SET_RESULTS */;
/*!40101 SET COLLATION_CONNECTION=@OLD_COLLATION_CONNECTION */;
